,Alpha,Beta,SMB,HML,R2
PANW,0.3012391091031155,0.9018174117310831,1.0148835015602007,-1.604244193709884,0.21217184136483713
PLD,-0.035990930591236016,1.116025265219617,0.5856945291938008,-0.28661022317091384,0.4589702589737418
WY,-0.0014930034378943247,1.2785635246397045,0.9912300406562644,-0.8844532777764189,0.5331354817381841
XOM,0.1824546948168722,0.7917077342032153,0.7986329509361207,-1.2808205405269797,0.22880905304735694
NDAQ,0.0641885894465149,0.9523292584315015,0.556635454003866,-0.6579011137933903,0.5024553116409929
BEN,-0.08938940575480595,1.3967336444117981,1.3218767813669616,-1.1433586699308487,0.5900363272920673
VICI,0.07755974211260204,0.7919311757236202,0.4024983657192004,-0.24331880746918177,0.5108808721459334
KEY,-0.0011841704631001398,1.2729498979806226,1.3315975441038668,-1.4813552503102794,0.4006385188508886
CPB,-0.03169818327473014,0.2809770608412538,-0.05760920225715619,0.031336966463443805,0.08189365578700636
TAP,0.025206207018956477,0.7770339466874485,0.40829043074872795,-0.5759148890196379,0.24562282441169891
GD,0.09966550252784324,0.5157576308781537,0.18964020793916667,-0.38436021421671196,0.24647989851683733
REG,0.030987369033541344,1.0831332104418931,0.8407994771573016,-0.9852342553804264,0.5935411319943289
BA,-0.09091019502684941,1.250007355527597,1.2885447445068572,-1.264296479531659,0.28207193136608294
KEYS,-0.006428903357484611,1.0731337379405934,1.0083583077390252,-1.0186758814183698,0.44846180060866203
MGM,-0.005102743950320024,1.9348432681460306,2.1044538764346346,-2.3795563011220993,0.561554777231535
JBL,0.22607907911834502,1.091192344954638,0.9707875652242473,-1.2974089360895764,0.3968915999798193
EL,-0.2713295000111531,1.1477715746363362,0.9704328019425136,-0.44161859665666275,0.32740867835816206
MTB,0.05784065979564572,0.7680174205709714,0.9054912795078502,-1.1925436694315492,0.24188644127329292
BDX,-0.023321074935740177,0.36540491556431737,0.1415064493712669,0.13469895691749492,0.11659008416131758
DAY,-0.10674292069644198,1.200471510094804,1.2544439124428333,-1.4727292431600487,0.35712591935347243
WMB,0.2306595088798525,0.9067929704799476,0.7500047933267138,-1.204212715039356,0.36746134007505893
JPM,0.08152343934844788,1.0876006518372154,1.0074466531051944,-1.4261009983562742,0.5768167729291953
RTX,0.10606576812632532,0.7270660318960733,0.359594646901816,-0.6689619199579583,0.2358328273862363
STX,0.03606004951868006,1.1220680984345757,1.0650496833174181,-1.1290960126849903,0.35557398867581197
WM,0.11880615273824757,0.608674169980837,0.14079282468320106,-0.33035283483708144,0.3295644290647583
AOS,-0.012671920192570893,1.2070798304032548,0.852939631421453,-0.6569061925948717,0.5569389182311193
SPG,0.10659710298764166,1.447994615253214,1.4397379607999616,-1.7575955638451783,0.6105729894066357
STT,-0.04191140602774068,1.4205586029032917,1.131572377010962,-1.3499245588818962,0.6511372205344896
EFX,-0.013412992018734735,1.4877361193037957,1.0722355997754436,-0.8446040253328119,0.5195041018135145
TDY,-0.03177337878230322,1.066342400437998,0.6472323684960701,-0.8044989698167604,0.5427477580081576
GRMN,0.12860742382685186,0.8622982768635373,0.6281896792040252,-0.7955175931668104,0.39860354340646287
HIG,0.1715785088147445,0.8018551551747901,0.2907025787468572,-0.642186888803439,0.3472171001053818
COP,0.17889065020780637,1.043441939699288,1.3293401513245546,-2.0834897050198578,0.23322906728052323
ULTA,-0.005161164807447952,1.2274085930644907,1.2820923806925408,-1.2858913553712201,0.37924643841357913
SNPS,0.1437008934879074,0.960416279890922,1.0094950207089306,-1.2900178611687692,0.31426307383720814
HOLX,0.026754728107563748,0.8243098672611939,0.6168578380908223,-0.3094740352435261,0.24209248533220476
ARE,-0.17848596041043893,1.1807632669178005,0.7856878103205169,-0.4894541030073536,0.5909781590713171
KLAC,0.19285075643801722,1.2059303853160437,1.1918537967089187,-1.4676619103818724,0.4714358705942271
NWS,0.11277148008777517,1.233970060623783,1.2333948210080077,-1.719506307165785,0.5016701861527427
INTU,0.07016629052464064,1.054541000839859,1.0209248450694646,-1.0508861070060442,0.48084909860368585
GOOG,0.13353090496066747,0.7553201233103208,0.9250715754821519,-0.9118829171086161,0.2519909290731384
ABT,0.026202762429838863,0.7504871565390168,0.3797937640779413,-0.24286783383818888,0.40051725586074133
DLR,-0.03399527270096986,0.7276081239671387,0.35959251316304564,-0.3360729147439773,0.26476114627376246
LOW,0.08648128293773166,1.0498372562119713,0.7358840180058267,-0.589095780819253,0.47593552045718635
BKNG,0.08446757060748167,1.3473769727984317,1.2017578262035418,-1.487591596479907,0.5608120072584969
FTV,-0.03718936965931804,1.0575339587296604,0.927325026294154,-1.1521269205733795,0.5860194849106752
HCA,0.1020320433905478,1.4668744464912744,0.8835335320945459,-0.8533876596429999,0.5295487945200601
PCG,0.05505898249606285,0.7933964708147936,0.4502315113057418,-0.7323700763277751,0.19103056992236037
FSLR,0.22509019024045826,1.183526261281975,1.3386097631352774,-1.1916125978699665,0.1487000599431029
AVB,0.0002420083568042894,0.8116223034633376,0.6347754303545505,-0.6949725077526036,0.4917921011422214
ACN,0.010788804322776284,1.1321274643492456,0.7987482803555433,-0.944567633247107,0.5942138457226074
PTC,0.04787844922746256,1.1434791931631771,1.172451379423751,-1.381494396259044,0.56549752328776
APA,0.21177060188910768,2.861813170615947,3.329041275338576,-4.358391131818407,0.23418074630673866
JKHY,-0.04993194255769538,0.7141044580005842,0.3923992374012081,-0.364861202823135,0.36833486709568514
WBA,-0.28752480780082024,0.8119428365340452,0.6197778727794908,-0.16743778311493487,0.17414365700320275
V,0.03624987171724981,0.9250037713708966,0.6376296698323312,-0.8936753678622804,0.5228849711752072
TJX,0.08083779414198614,0.8624565229838285,0.6146368157440327,-0.876122562952105,0.4554416834163848
FDS,0.014589585734146912,0.7587357363262679,0.5147454477871811,-0.5313793687971988,0.43996297284970554
PEP,0.005402134392298329,0.49786174502079883,0.07241641041421151,-0.03480782327637378,0.3535343753891287
SYK,0.05724104798694612,0.9100432503114193,0.572398370305339,-0.8379468732484874,0.4818309682931417
MPWR,0.18093809975252975,1.00116188009502,1.2523361236015413,-0.8871146817961331,0.21183010122285093
ODFL,0.049541237148574266,1.2463981629265664,1.0004121010707039,-1.1195430876837438,0.489868573264652
JBHT,-0.043443988761856706,1.2231081540818276,0.9435201614433173,-1.0472290023763318,0.6610685994328271
EMR,0.03988732526630338,1.2567960579411868,1.0301667906525238,-1.3939810399840338,0.6103157832042555
CTRA,0.11574445547464203,0.5565758678354946,0.7004473919664322,-1.1248362017658475,0.0787111773130304
HAS,-0.049814238061547944,0.6052377017955883,0.3395116833480209,-0.22861126744859409,0.16036223646721598
DECK,0.2689807980839083,0.8597890696334535,0.8665339457401323,-1.081404359911733,0.18415377396053176
SNA,0.13178014490269463,0.9484062212296851,0.7541415241212793,-0.9658401740579612,0.4925608786991927
CNP,0.11552491173901577,0.6153165579758013,0.2154482929239209,-0.20201318046878575,0.3141666913018333
ANSS,-0.058565366006898247,1.0365122197668877,0.9884309793970532,-0.7893622148858283,0.471018115364667
LHX,-0.03655498154090164,0.7811128975925786,0.47479851192479516,-0.718961279852366,0.32573010230782384
IBM,0.1380913367895662,0.6820313469202428,0.22039181824967227,-0.4058432036662301,0.2858564440642378
CZR,-0.07298792961560784,2.6745496083014495,3.011150219729594,-3.462729217668883,0.49722082748710067
MCHP,-0.056236530126290686,1.4818534016482983,1.547088915977374,-1.7679948840431716,0.5210345138905756
GDDY,0.1062845199444645,1.101071587224237,0.9691191006633424,-1.155202979163014,0.3658930420445566
EXR,0.02459045067560587,0.9125754713755089,0.5116942931575034,-0.14429133891075524,0.2872344389271101
VRSK,0.08426900111255992,0.6627974759589172,0.23570018845205828,-0.41040040358376645,0.2227444739004818
PSX,0.07574935020793787,1.333307215341004,1.2770349635336387,-2.0193102090150226,0.3903384435445865
COR,0.15445329698841456,0.6233375445690321,0.14753462221839256,-0.36127057013002806,0.27920401991516286
HWM,0.31057683398557046,1.1583440316943654,0.8556836060322774,-1.2877320481507974,0.2921948509611178
TMO,0.03385402745586924,0.7618923054030011,0.5473107755251545,-0.1126678144097083,0.3164318655537221
L,0.09531999232575622,0.6923103108506927,0.43351609886491915,-0.6892562706643701,0.4461037591734854
NCLH,-0.06530184610425115,2.3069832935726646,2.7909133987372154,-3.5762606707095927,0.45181949378186076
IQV,-0.05574943491113815,1.3849776161750598,1.112627373940451,-1.0000115448048366,0.5930857123414051
TRMB,-0.01613890928268273,1.44437098081595,1.4307991060992946,-1.702875420901254,0.6020051165599817
DOV,0.01569574695698625,1.1732236748190485,0.79555526277856,-0.8566306878956742,0.75460034558028
RJF,0.143552211728806,0.9656843181895394,1.0481385933917147,-1.596108847342887,0.442269845029905
T,0.06101285456084294,0.4870023916548389,0.053400939079922945,-0.10730483997190346,0.14879416240596927
APO,0.14089982937473147,1.556202690782043,1.5879521027824404,-2.172222307308894,0.5129557930499253
ADM,0.00485430693826968,0.7779341556024424,0.5127127643729791,-0.5500983383092843,0.2743016034554676
PARA,-0.09359422548993536,1.441873295409041,1.8175327892228732,-1.323714479464008,0.25051211693102443
LIN,0.0953596974616891,0.9019525682690517,0.345445941150656,-0.46842498424467266,0.5456481493832231
KO,0.06223170070834021,0.4785964067274984,-0.07870185310990493,0.15714800347511412,0.25793773593194075
CLX,-0.057493240849119956,0.5491362180255458,0.19271542439933104,-0.139255528435781,0.16153438920973642
COF,0.11304264201658532,1.3419301906101442,1.4399057455385635,-1.6684114046865515,0.4936893181028255
IFF,-0.15794979091960998,1.1997042030440193,0.8623014914723365,-0.6064449910718296,0.48056562849978307
INTC,-0.2228985683916926,1.0617526698096078,0.9745018475899847,-0.9638841548435156,0.24419800135939665
IEX,-0.06598736258908339,1.0250341730670829,0.8331557902436628,-0.9185652882898374,0.6366797668763855
AVGO,0.3988054594892101,0.6964842569953168,0.9844952898977182,-0.9118475975210677,0.13455528680040693
LUV,-0.10304494902008286,0.9861973622773273,1.0861675180162593,-1.4614510856948977,0.2464502578670398
EQR,-0.044395019807169894,0.8232425930385416,0.6020345073329251,-0.7060548405848583,0.4441073245876359
PKG,0.08503540100343678,0.8805275782556315,0.5620399004361827,-0.6267066161086028,0.43504092482640827
SMCI,0.7536161879690602,0.8354575669037818,0.9904290240513982,-2.831711685198148,0.031514547597765806
EBAY,0.02106448827248096,1.3441077200967528,1.1966453282417857,-1.092162283103095,0.510528257158852
MCD,0.06340129169498078,0.6086464906583847,0.20567542774979025,-0.12719633741908254,0.3995216872032558
LDOS,0.020511589053612125,0.6920785612063058,0.25871278123983626,-0.42518717472712825,0.20591767365357105
RF,0.07778659613510025,1.2067191416678562,1.3572050083321205,-1.5415279560621142,0.47430752307757684
TMUS,0.15370130032915302,0.677557839293208,0.33502533325065587,-0.549836888274863,0.29663460715957396
WMT,0.10454902146811737,0.605757190598069,0.20214754197510038,-0.4816627563387691,0.29124560253999765
WDAY,0.022735871408570092,1.048717404595034,1.0231189898127666,-1.2416171949481087,0.28339439768050884
BWA,-0.06798356986345727,1.1880961446837581,1.1340309548515815,-1.0881657844679713,0.5003215488727292
ADSK,-0.05238276924378269,1.3325181534868373,1.2989511868583912,-1.4406170729644252,0.49340244880329875
MSCI,-0.0010390402880081084,1.1913296625362406,0.993617713864836,-0.9180529698260395,0.5218535761788387
URI,0.1636833032008594,1.8239991160538076,1.8522031406586597,-2.139128210797939,0.6444200769365954
PHM,0.16127748542841425,1.4508088982773168,0.925442816160126,-0.46996698297387646,0.5039054657176021
MSFT,0.10135623428983509,0.7104492771598685,0.6221826677454818,-0.7206353920951517,0.3369964096953392
TRGP,0.5222249074953478,1.8790903392376728,1.9453192083062616,-2.7775066403123936,0.402006844075395
CPT,0.01360559976571294,0.7875255331199023,0.4818608040941123,-0.28844858003906954,0.421924379530312
PLTR,0.5101860202126396,1.9100747043263717,2.7201742394717794,-4.4841604136177775,0.11061526933373707
STZ,-0.027584863336362047,0.7794797201217655,0.6092519700357079,-0.7585274591721163,0.34791556037199184
HLT,0.10568035868958153,1.1561810875014122,1.0692933781605025,-1.4471215545729237,0.5266271453537845
TSCO,0.165423386476699,0.8855032053407109,0.5822832148677727,-0.7206365664413411,0.397953065088246
CAG,-0.025758360344466595,0.362765346168644,0.027208580781344433,0.13268232443545466,0.12783861321747425
NKE,-0.1217271582716554,1.025563222014753,0.6295667754622115,-0.3687239162210798,0.36442243486499326
OKE,0.21998640451411675,1.3367448509501236,1.1555358309918478,-1.6097494844293674,0.4797416138338383
BBY,-0.06162359314944372,1.324150754163299,0.9850902478869751,-0.9100733266640189,0.44722450397324376
AKAM,-0.09259442232905489,0.6522434411388064,0.4303208712909179,-0.32917445661002176,0.19647654021144123
DGX,0.08790941954168147,0.8018528593846396,0.18469342915776477,-0.09972147690312301,0.25155035356298766
HII,-0.0009470786793282573,0.5319378438775924,0.21185209369989888,-0.3030435414394394,0.11356740265421994
EMN,-0.007818057116126279,1.442944388218357,1.1615015287798736,-1.1363672707833548,0.7169704135319749
WST,-0.0034759623202393203,0.9833109975400396,0.9467579408945516,-0.6939861789846711,0.24913544994836637
VST,0.3544576841837463,1.056130891141431,0.746085068782647,-1.1164826831005035,0.2051669787189497
HUM,-0.0865097125291219,0.6280231575541189,0.24707834581092175,-0.43411287023793255,0.13992168990462456
FTNT,0.2298660618001603,0.9952126547351344,0.703778963000994,-1.0564011420891237,0.22207390375879954
HRL,-0.10696531117771818,0.3974117155133933,0.11557433884544852,-0.027360650352512002,0.13611082632500432
KMI,0.096765836604473,0.8077883075358667,0.6012290885169671,-0.9253754543676702,0.4078709653138146
FCX,0.18547077295449432,1.7954500137599507,1.8205920731662821,-1.8077721363058383,0.507331535500558
ADI,0.0647832055659987,1.0137246922509766,1.086271603385442,-1.1427161456803483,0.4591668981805039
ORCL,0.13262501874705668,0.9946503949660894,0.6623735036204791,-0.9884939427789237,0.36366527234870444
HUBB,0.1295026572554696,0.9244762640492796,0.7456504789634298,-1.0324870076584327,0.37461691723690105
NXPI,0.05327965142155455,1.3025421792720213,1.454334560810986,-1.5788357066544314,0.4654950483565484
FAST,0.07583134315829147,1.0136415039738778,0.5502697513497206,-0.7049066011605666,0.5477023056999104
MMM,-0.03014419831699052,1.0301761819908568,0.5709339103250275,-0.37623559785779637,0.4570589678051003
ITW,-0.004627000719639306,1.0919240724322432,0.7077091865821168,-0.6955894877510748,0.7480661092765026
NUE,0.11015182390040781,1.744526088299618,1.1539762769418724,-1.4800872269354084,0.48460226462633244
KKR,0.14706725761252798,1.6391121497215546,1.4479447171792794,-1.6620776639563468,0.5650422407745963
D,-0.08475560340480023,0.6230258667165176,0.10045460000590495,0.17344357167605023,0.2629390660946217
PGR,0.25839027833002176,0.3615302687660996,-0.21764540958442827,-0.004169125111340215,0.08781264905995323
PODD,-0.03364577712774535,1.2258007898464045,0.999339729708957,-0.6198733767630564,0.32411493537107594
ROK,-0.022489461706684262,1.28990802020945,1.085406016716695,-1.1032733987335621,0.526788135648895
WRB,0.1573911527705629,0.5446856380375387,0.07789842239499144,-0.4776150982720082,0.2172231909375893
STLD,0.2114825421667341,1.4933358114893853,1.0547306320034564,-1.5809404940638578,0.4717051447068252
GPC,0.037074032551236105,0.9038176508238012,0.49955674435103675,-0.6702602680576376,0.42257248144070336
FITB,0.09351907536851387,1.2032969837408798,1.2584630702057928,-1.3728486992772226,0.4559969090879554
SYY,0.008150008244630434,0.9823013390096251,0.7718511712922088,-1.0461445921538937,0.4007074979824587
CRWD,0.3693863731852476,0.8602874672776739,1.2329507364917724,-1.9282394024342657,0.08976828745182992
AES,-0.041409039075538896,0.8269306428131616,0.5776350379398243,-0.006144832658038446,0.15877906204182068
DD,0.038238959411103626,1.254543109238732,1.0444820808935,-1.0101761338796096,0.4815177687358241
TFC,-0.01793507195257405,1.0531997942250737,1.1292011423162442,-1.280241025567717,0.40070423900536917
HON,-0.015273187861587427,0.9849009557870684,0.6516898556317406,-0.9236712862417837,0.574886292211942
CI,0.05602251396384141,0.7336304055087617,0.2734691668627975,-0.5973992448209705,0.22061584163552247
AIZ,0.10052386728824564,0.4957433970281084,0.16499855964297017,-0.1556102631835399,0.17685900547302455
MTD,-0.02689003969811258,1.1831215345044672,0.7509147421532433,-0.4255865625124877,0.5420661501812017
BAC,-0.0020455945557145278,1.2809001024607092,1.1733759467611775,-1.5862089693919823,0.6354678407903849
MSI,0.1409717670528285,0.8241554112741446,0.500470899640835,-0.6982820906652946,0.4597476254300049
BG,0.08370929015025097,0.6908034906774051,0.5706391195647652,-0.8736377455553952,0.18647064935669744
CRL,-0.08344315165344633,1.3575082748089753,1.2033622608219354,-0.8708933998575233,0.44959329192153635
AME,0.042260920634878595,1.090492002960292,0.8234465848532364,-1.1051417807090667,0.7423613456092415
GLW,0.0772744016625318,0.9759570004202056,0.7745587086992162,-0.9142830361672445,0.4329357423613642
CVS,-0.020817507445852174,0.772843206761559,0.3482387521742617,-0.3817512660141173,0.21720253600023162
BK,0.07778321135415914,1.0454364726940304,0.7865438343091983,-1.0044487612502175,0.5540310600362425
AXON,0.35405352703498294,1.0485679883113002,1.378904614789545,-1.6952224339626836,0.15911183277521548
POOL,-0.008168897523367913,1.1365730022169367,0.8096985042673276,-0.20641593115244897,0.35866827468982154
NDSN,-0.03462921212120882,1.0132925220623223,0.7674315497487836,-0.7427149052312156,0.5754289895715318
MRK,0.05098492316743207,0.33797296575656033,0.025204330537678243,-0.09076077189602735,0.0832467287262486
CE,-0.143166102863576,1.2008802254381608,1.1582641905871345,-0.7332463780993212,0.3192055492775125
CPAY,-0.0229429882387623,1.2129619735816581,1.0900572786269098,-1.3816459210587748,0.4926493852238138
TDG,0.18231175847009412,1.0680592052836848,1.002396412560306,-1.157697851953377,0.5572460713199149
PNR,0.08735615113547768,1.1463523438567595,0.9527622820311905,-0.6943436096188544,0.5571073314493933
DELL,0.24781067163581405,0.8163119815303871,0.7220793294305575,-1.241915733452363,0.22648175264315581
MPC,0.267628921521023,1.2311020991279489,1.312406925470349,-1.9566097451660402,0.361894131998518
RSG,0.17075295760216996,0.5639965534969468,0.054077824146207876,-0.18936739973484462,0.3000889544721269
SBUX,-0.011541893118713974,0.9965034618399466,0.6154805286289814,-0.6735154254212145,0.3823936926747152
GNRC,-0.013935442511296303,1.4839801578000953,1.8382648303158988,-1.4786211085143321,0.24044423819762678
SRE,-0.012690462574986131,0.6694301342499932,0.2520876977251754,-0.15967519135450192,0.33244098658954907
ALGN,-0.14795550970796612,1.7195627998032594,1.9561810710498684,-1.3958196326118102,0.3934513085799613
AMGN,0.060932971675534645,0.5665371780226373,0.13152956755190467,-0.1376091736041526,0.1772599235372156
RCL,0.20464051770464559,2.23231121957713,2.6473144565904607,-3.674606747601069,0.4710344680466355
CPRT,0.10190270225330259,1.0752688364240492,0.7791474201793023,-0.9862734913835786,0.4590403661464489
PH,0.1504889825239277,1.4200938699344665,1.296874238847813,-1.6887939542259738,0.7017091591220711
ED,0.06232959854777445,0.33937629372856737,-0.2857624860878261,0.5219700261974846,0.10390072925233684
TECH,-0.09670373215326211,1.4115470512357255,1.1970267464875017,-0.8998082195418743,0.49058881296814744
NTRS,-0.05796528596568509,1.1199770738383419,0.9032809544826313,-1.007769278741757,0.5953219949823718
UPS,-0.029446587972478774,0.9772028240173921,0.6078156279106359,-0.44212793518060906,0.36583267241300604
ISRG,0.07738464534138997,1.306407807213904,0.6779403532903935,-0.8636135610079291,0.4447578665734823
NTAP,0.056202364382288116,1.1397602753658165,1.0751463088179776,-1.3304074460407194,0.4415468569490887
UAL,0.07631600329666943,1.2735006651539011,1.6421543906480205,-2.5146289142684792,0.22795031571793567
DVA,0.023127388836537865,1.0563357949258787,0.8057168567468358,-0.8013161921246608,0.29803620581565554
TTWO,0.0226700559135972,0.8460800836604787,0.6126357319849288,-0.7569721019535675,0.27092587798071915
DPZ,-0.031894669975651394,1.0094013461592084,0.5507089150727142,-0.4380190168104093,0.3095666261393317
RL,0.10586478750107227,1.4082694636540778,1.3658740587137608,-1.7002874249326028,0.47994505629594963
AZO,0.22748217223107273,0.5675536558278896,0.06915891809284688,-0.1265332613067153,0.21081456292171966
BSX,0.14093544621983356,0.6454651220086153,0.3362812364772555,-0.5578144264134327,0.29612164506375555
CSX,-0.049673985651603476,1.1773901574748429,0.7935924279953819,-1.0529437795000203,0.7082877140442231
MAR,0.0819798185263145,1.4026190788470128,1.5201246641516988,-2.140378648723175,0.5384465055172573
COST,0.15260814948644147,0.8086795714825536,0.46766849695895657,-0.5965991149042004,0.3794261761784056
EQT,0.35374278639947926,1.3671943398385087,1.407241428560575,-1.9766063804661242,0.15041866292272846
PAYC,-0.06866974692429476,1.0542156738791881,0.98702716943468,-0.9125267830055349,0.20962517155966925
ZTS,-0.026175350026649676,0.8259929512923729,0.5523841204049562,-0.1731691382308735,0.37921353217977505
CCI,-0.15252648358228182,0.9665819550176475,0.3614869825880836,-0.010396213570093356,0.4052528035825608
FOXA,0.1050831165072896,0.5959297281178456,0.44483873718529104,-0.5608050737628741,0.2153101876528856
GL,0.046393111567061995,0.6875259221525122,0.3104479104002882,-0.5520168990437344,0.23407284791168745
ORLY,0.2061349398211686,0.7561950710794202,0.3092648510457483,-0.5916569756503864,0.33340247508043974
FMC,-0.20347537441403094,0.9807808518905422,0.6996464517708461,-0.30770676472994407,0.2717530750643295
DUK,0.06545638714690469,0.44433132130657405,-0.14108342040637684,0.4509421726480728,0.2022697521713667
ABBV,0.18725561289828804,0.5852425227715522,0.21740702074651352,-0.2862271752211035,0.19911876272508436
DTE,0.06442665540684422,0.5425912425568664,0.030639706925925932,0.2146354374273585,0.30993782446043716
BXP,-0.15419528123581078,1.1903280751729286,1.086893041069648,-1.0216721888079603,0.4229697272254049
LH,0.04653011355333789,0.9842644868934248,0.6577740530997869,-0.5144034290940135,0.467187261696077
APTV,-0.11949466629360556,1.6045658335586042,1.6867754305741876,-1.5590725106062882,0.5206834193920945
DIS,-0.1491042433737612,1.3803503212770691,1.3530830500554312,-1.739297893072475,0.5258215749197874
VRTX,0.11448138885577011,0.464408800733388,0.022141735129275916,0.05407136482012735,0.10350944385901865
AEE,0.03646792128760342,0.46580712099932015,-0.2469305902200356,0.4415220637240276,0.18520926181135827
DLTR,-0.09883387002062777,0.9195931440728009,0.7280218865760483,-0.6598798388472438,0.22109665202476544
SPGI,0.0028514758737113663,1.1434456334733312,0.7261133871708432,-0.6726983243793482,0.6366682850367564
LLY,0.364070724944916,0.34189935324915016,0.17163257964689882,-0.5487652795009694,0.0392075969317552
WTW,0.057474388861026154,0.7098878815636248,0.36457929967044367,-0.6624326298648572,0.32215180105397295
INCY,-0.10390773932770729,0.8232586969091602,0.4709858423805317,-0.2211860001023609,0.28689876953373755
EXPE,0.05344113774488897,1.7111879149656708,1.8631697204088171,-2.1751538315996366,0.43339647456411706
IDXX,-0.04763578948342314,1.400406170193472,1.2360219175084575,-0.829508869118689,0.5296891671167403
EPAM,-0.06782189759062116,1.467692441189138,1.0409707794001621,-0.913710288954733,0.24589061009377283
CMCSA,-0.0855273169712082,0.9623468937274103,0.6910807300200752,-0.6465301278596962,0.44285692744578653
ENPH,0.05669459301364793,1.8625989983785636,2.052532959829745,-1.8949795962209213,0.24135783786308082
VTRS,-0.15524709870397194,0.9362945662508705,0.7918254636002804,-0.8430272850882362,0.26114832074931194
DHI,0.10297249433053282,1.6153501513945765,1.0875097600203423,-0.658099412076049,0.5444712021029642
MLM,0.10073434083493214,0.8132700290958018,0.7783773648188318,-0.8773744362588073,0.2942413945078172
WELL,0.15809685415246455,0.9078820747796718,0.5612366664655157,-0.6285931077045512,0.4415688391204044
MOS,0.08922216348794614,1.1952151825218054,1.1867003758874808,-1.2177648534627976,0.276121000909386
ICE,0.03680755117430481,0.9997045434292002,0.6281794980498694,-0.6236630265777376,0.5839105268441342
PPL,0.02313943153423209,0.6831402055810553,0.09930667348362512,0.09595582707763818,0.3990075336443163
MMC,0.10829710714546195,0.8124658860764427,0.33439114732020275,-0.4787745686657185,0.553346370770256
F,0.057216111585652984,1.3934907002068324,1.488481953492541,-1.7724600175584457,0.3717415371834036
CINF,0.1021787425874698,0.5855898092920239,0.24385691924658287,-0.39617993718203925,0.14394374659476458
HST,-0.06774973939220902,1.303353044145305,1.3356769670283684,-1.723905620683318,0.5460199555727674
ON,0.1259839000312396,1.4549770750346214,1.8583331733102173,-1.8396819346005404,0.3435422154584319
J,0.036117306792797045,0.7391134926854488,0.5408497651627318,-0.7964836392478555,0.41119312693610693
AAPL,0.14072504784324655,0.9653911421482199,0.8031317353805456,-0.8033624944711273,0.36938106979905494
AMZN,0.039392983939421644,1.0025652969048793,1.2537386817537364,-1.4000006000771297,0.3000846587199414
ELV,0.042773276775845914,0.8260105885352286,0.2826529731987346,-0.48719827064821636,0.32629873212009597
LRCX,0.18282116080980643,1.2694463365057522,1.4814188332364524,-1.672617167782532,0.36851812461864775
SYF,0.1042783404291199,1.4867042365293597,1.6365058639638872,-2.099489498449981,0.5351126154538997
TXT,0.07058179745190353,1.0918714792774178,0.7804255555185521,-0.9932322796462985,0.5339451535169742
MO,0.09181844826894464,0.6172883898365737,0.1514257033098137,-0.38023896662465445,0.24986201034007371
KMB,0.015884537471033158,0.3614257700134266,-0.14084502822899292,0.1820937268157039,0.11999129819896573
RMD,0.022688568461028923,0.7685058962814547,0.5002253994371164,-0.1229443061144587,0.19548373708912598
WDC,-0.06272549376592886,1.3870644358321005,1.5618921049887653,-1.8829890002613303,0.36036022572195053
IP,0.04243536784402736,1.0391768185301493,0.7564211958440042,-0.7605468595924034,0.3696231108805824
LKQ,0.030110412732220586,1.119484832556772,0.7894008553918448,-0.9059744425164395,0.4659906310719263
BMY,-0.0002047179256064388,0.493798427098803,0.15624490111086078,-0.11471268143901411,0.17461616764479315
VTR,0.09595278814104002,1.0912598960320894,0.7354448264955499,-0.5605358568752774,0.43761797033131977
HBAN,0.03470355143709402,1.0904982067497377,1.122064476569977,-1.3723386604718175,0.4522045962559489
CHD,0.06993715551418854,0.4703519470038306,-0.09627042435975426,0.1570256296449813,0.15873005582525648
ABNB,-0.08599857214671103,0.7803303689728804,1.3047323782913243,-1.394465261780005,0.14029322076026896
PRU,0.04537105959511986,1.1855980500126562,0.994430055620963,-1.3586282257223812,0.6721374996954415
O,-0.021753426532006966,0.7833533547153003,0.354345473545032,-0.06286410899990667,0.5036429993419651
ERIE,0.19770591078831634,0.49473257500874557,0.2968893914749163,-0.33213918316038904,0.08913497812256752
GILD,0.09789901608247614,0.35351869827189414,0.0139994410821177,-0.020145078881806902,0.06810776351644275
LNT,0.022867368266991397,0.52312564705855,-0.15036975117727575,0.377308963852282,0.22739118200080144
INVH,0.014663483526239335,0.8002111040155555,0.38991713079865264,-0.2348219067314092,0.44529516917490153
C,-0.017031234462669638,1.3318397413000436,1.3657869331723207,-1.7646413393690472,0.5293963753508658
FRT,-0.05069768208736625,1.1327101547011262,1.003803760423402,-1.1319683820413085,0.6088434818841902
MRNA,0.031131508724344642,2.1549950921812377,2.6042960197159393,-2.46071737698897,0.18386209457510208
ROL,0.08393914295374086,0.7140591942939931,0.18137899666228693,-0.12108871210487307,0.266053223770682
NI,0.06207197393632862,0.5215276842684508,-0.03835966049224807,0.10219627395295681,0.24306604613348692
PYPL,-0.21010831605710362,1.5212827586045112,1.5169207153172322,-1.2244535749641299,0.42536262932281454
VMC,0.06906519379414992,0.7818314943802067,0.735043375162877,-0.8964748379269374,0.31211467318270486
LVS,-0.06902248372085473,0.9497680114941345,1.029989787219939,-1.095273589909282,0.21073338421544108
CVX,0.07714540292122174,1.0792079656238904,0.9775574140614199,-1.570025761492885,0.4013803865145155
EA,-0.0129461621614686,0.7391651700162966,0.4779297281753948,-0.47420414653525017,0.29486734711830215
CAH,0.14828175829649579,0.6988025558429775,0.17624635092155377,-0.5181547558080635,0.2423593335971132
ALL,0.13898702011376263,0.4634183821140235,0.05720060404675872,-0.27703690915876017,0.13803172143842052
SWK,-0.14855331629091378,1.2214490236928703,0.7851579429442076,-0.3467751409367929,0.42715607449505705
PM,0.13334883315397805,0.5725648822885494,0.038092978853886565,0.04169149753816922,0.22517771907233672
CHRW,0.008756736623140068,0.8201732818985678,0.34056494867380943,-0.16908149835306552,0.32621339650934583
CB,0.14272545289946548,0.5716672480586674,0.2510287159948808,-0.43440675172749665,0.23981608784846753
MCK,0.26751474336910364,0.5451240173630353,0.1560837449265528,-0.696788890268291,0.16927275518688556
ZBH,-0.08452659490900774,0.9147300910714055,0.6512234871663016,-0.6099815544045574,0.47226386203197046
RVTY,-0.022652420869773274,1.0189468330825728,0.6488577845772654,-0.019678582401334136,0.31854211987351627
DAL,-0.021972609643960035,1.318374175108762,1.610673795934431,-2.224088483008352,0.3183125947850136
GE,0.21918152991417628,1.1139072630780065,1.1753687168354967,-1.6292747115773545,0.3050169417774631
NFLX,0.09354587703776471,1.1724800667906046,1.3051717822808147,-1.849803082029948,0.26377834372992304
CCL,-0.09226571016361672,2.394575454179586,2.875400823227921,-3.736877223871654,0.4383258914292314
BX,0.09348554558082678,1.5347315651415192,1.514206996796834,-1.5249016604564247,0.5461730161253837
CDNS,0.16771315157324634,0.9050412794560845,1.0045707549049157,-1.1506618892822127,0.30477195442482813
VZ,-0.029884682386703748,0.41764650641653756,0.06459353460454673,-0.07064942917405576,0.15536449463624005
BALL,-0.14124475959516325,0.9664266767455444,0.6742845340123564,-0.45936168463204297,0.369614249453816
CDW,0.019460551857439667,0.9230758080329653,0.9031744147564075,-1.007271802939156,0.39119325851801245
GS,0.10758756578869043,1.3604467593148877,1.2271858788515018,-1.4892743611906938,0.6871925675545508
FANG,0.2705299905330639,1.56743870721203,1.9791713242332787,-2.9421729015912934,0.29781491254377945
MAA,0.030841053204726798,0.7635007246732732,0.3427317331724974,-0.1967926713884279,0.41954396349721407
CFG,0.06155227395167376,1.3318962160120025,1.4404744510161718,-1.5451285426627546,0.43341285380375066
FFIV,0.06013647456683318,1.0728199296691128,0.9996387858890944,-1.1962628889218,0.39983229447649893
WYNN,-0.07589256300521559,1.5602121998491112,1.78067638212405,-2.1406052202000208,0.39309696585944137
VLO,0.1224110455104204,1.4056284224196787,1.5245535232943614,-2.302818772655156,0.33941013130591774
BLDR,0.2926237877097425,1.9562002920380397,1.9132247922940961,-1.9262369981615646,0.4975056958805731
PNC,0.008791489718997104,1.2130298289818562,1.0926649762950715,-1.2245325268837082,0.5693551609493951
NOW,0.12722894331719253,0.8107326819845069,0.9167672653384524,-1.0592737778858115,0.2571444017948457
ALB,-0.06770247483853947,1.6338412919227814,1.885949931805853,-2.030998216226652,0.3483381998570413
CL,0.035814742592164085,0.4128029659016692,-0.06156016562004099,0.06202884096623254,0.21776190035641194
FI,0.04419763704385115,0.9704482837317349,0.5638772670105144,-0.8746711355720794,0.46239866384135625
FOX,0.0873753918917364,0.6554244784506026,0.49315144454715776,-0.6613411432907859,0.25972726115519834
TPL,0.3795577942525902,1.6008485044848018,1.117083911140664,-2.304268658804418,0.2719782800688782
ETN,0.15958952670921092,0.9887686283722572,0.853553223307378,-1.2446086263126677,0.5102606251092583
AIG,0.17648796877906153,0.8456510208743241,0.5809623680170245,-0.9729121444760425,0.32519250026193086
EW,-0.0744920655546216,0.9632380501555942,0.7033862233414736,-0.7218657633973347,0.28081510356053374
AMT,-0.07640106571776721,0.8368924866427926,0.1458254999343902,0.26449049582205075,0.33841021795074794
OTIS,0.04431735327215969,0.8710566400245072,0.42414125128657876,-0.3090444050360083,0.5194638479636431
ACGL,0.21768941327630648,0.3989957172327755,-0.06939822577190308,-0.35177779119129293,0.0733435352566918
TEL,0.029694991633187867,1.1769009756608957,1.0707303663600194,-1.1900044064385897,0.7296463724142979
META,0.2028304273569871,0.928958108186054,0.7780246087478679,-0.6561519473853047,0.16766403255873452
PNW,0.035126013646764404,0.48770469694194224,-0.15703123227331367,0.26083498398000843,0.14649278853541645
FE,-0.005355625747520951,0.45184120814193107,0.12216002720372357,-0.02906443028400525,0.13742643732019638
NOC,0.09253561046360895,0.29104850781279573,-0.12467197376637516,-0.003732664080027401,0.05936595518052895
NWSA,0.08741447822367457,1.2277516793383987,1.1857839800253394,-1.635380985281435,0.4893728971050429
UNH,0.07158965225162087,0.6557781842235971,0.16601599829329025,-0.3005924905461682,0.2869396086014831
PSA,0.03838096838611487,0.7369751227157385,0.2667785980785005,0.03832475842497291,0.29401151744069814
PWR,0.31775148505810047,1.0063648136745695,1.0876711149911535,-1.2364036565162133,0.3329496863206023
GOOGL,0.13179443064446827,0.7498276910687349,0.922834328326088,-0.9106148739995276,0.25082017461243317
ANET,0.30180158450860756,0.9691254055463734,0.7233010306492614,-1.0523630342280386,0.20077871778520762
SHW,0.02266006718009335,1.260599022330215,0.6401099230781095,-0.5382787490384185,0.5972828510768249
IVZ,0.013562196956035583,1.374120293313652,1.2424104609478352,-1.0176096321149342,0.38284021858259015
DOW,-0.03808469934535442,1.1428495323678864,1.0601227491314424,-1.0578108834769921,0.5364447085645404
MA,0.034340300458713974,1.0431429972992647,0.7314546187504786,-0.9618328078526105,0.5352520649879757
IR,0.07604327301397402,1.342270385801591,1.1988023588330605,-1.5112180610870156,0.6655415142673271
FICO,0.2147400553806657,1.3127987222289879,0.803814892093656,-1.0384305931310305,0.4361816305241139
NEE,0.02030228437637726,0.4973551342832756,-0.04816520374408353,0.3981590000662863,0.12072191079475694
MNST,0.056567119926232215,0.6670251628814757,0.3060379324708641,-0.19067367733223375,0.2798026448228815
WEC,0.015237478148110679,0.4697771567934407,-0.24879284289900636,0.5062567250175246,0.19140936533222586
TSLA,0.3257262943092292,2.0618279084760642,2.85741122602166,-3.151998860213071,0.2541234982770753
EIX,-0.03207897382759145,0.7675481434980982,0.30283843939638455,-0.038678100366346425,0.26600059219469413
KMX,-0.09603761180712128,1.5104249699173937,1.5448598666624185,-1.441822246238973,0.4426880762784977
CSGP,-0.048951247065800826,0.8840086021191129,0.515285927365602,-0.5510125365859061,0.35292268392703935
AVY,0.01945877708071144,0.8782995664957457,0.622051925733457,-0.6032763543140632,0.46047452692287655
TXN,0.023556526982130073,0.9390970794932799,0.8874502371233918,-0.946234473988151,0.5234762483169942
DOC,-0.10591254071281184,1.027973376562062,0.611448824251711,-0.2156383335596231,0.49720290100769016
MU,0.06776252782248735,1.1171281618155626,1.4688521966039156,-1.6486261608183774,0.28866540057971624
PEG,0.08728892625220958,0.5337272488005659,0.0335877807298744,0.11147680339092347,0.2478166408513778
A,-0.03516139490655462,1.1787668964686777,0.8867208414037979,-0.6600832962042065,0.5815256517088248
NVR,0.08408449439965837,1.0248409939391523,0.7436716548260774,-0.3996924134566896,0.49055771286466104
PPG,-0.05809153505903598,1.107426079749435,0.6713107311234673,-0.5284099547274469,0.5742495015142626
TYL,0.04518601866971704,0.7443420801601821,0.5648983820601902,-0.659389494729576,0.2687799547049218
UNP,0.0015315343468907394,0.9965967097126726,0.6491022044772775,-0.7246068977448769,0.5437371411616349
HD,0.02359405826041014,1.0355709308963004,0.6432395350579821,-0.5745587664087133,0.5425952835402831
LW,-0.05334859622892218,0.5794332880571323,0.692312893770298,-0.8240237701206152,0.11023797177172333
CSCO,0.016072880186051082,0.8427618529605729,0.4497433036197053,-0.6897670905699418,0.39162995311568927
YUM,0.07084620135413894,0.9026577806394398,0.43247280488929873,-0.4448918679907927,0.4680577142235121
UHS,-0.033062530395571686,1.3268521227419627,0.6206265424530804,-0.6537882389345806,0.4480719957443516
NSC,-0.04921157077294267,1.3116454147534038,0.8355863940198756,-1.0029659795008363,0.6820029968790656
JNJ,0.010363300882019259,0.49991052698993915,0.07217920340717335,-0.06107422610922063,0.276582135948716
EQIX,-0.01170336203160905,0.7633683159946522,0.3889820437667385,-0.21490451424000953,0.334514521442925
GIS,0.04046287297041292,0.21093259131599182,-0.17651930632988688,0.3034621942880541,0.04901972704271412
MTCH,-0.27370846672752014,1.3967294051253258,1.620602107625211,-1.1701836842189988,0.3409554790507113
FIS,-0.19792224277278553,1.0548000751343716,0.8028203949370779,-0.9043950929157415,0.34978400515546904
HSIC,-0.03788049507738249,0.9101799040484271,0.5001170265223627,-0.24006367608234244,0.3724199668431064
LEN,0.08148433490033795,1.5061171800122297,0.9764492897708913,-0.6081330416938757,0.5527747149730777
AXP,0.09044351398155856,1.2168588909164264,1.191223076519062,-1.5381108004208106,0.5835394633835657
BR,0.06601582444468429,1.0107167689928809,0.7170933240871037,-0.7446076337487182,0.5862083701109201
ROST,-0.04421180686696984,1.0971759899054998,0.7850118317306797,-1.0511182697702521,0.4433035385870679
TGT,-0.07927091085642438,1.222033370515993,1.0716104901288241,-0.9333863596511659,0.41736443076267704
AMP,0.1723131514581076,1.2518551895447827,1.105536022297633,-1.4530113171466341,0.7063707945386258
ES,-0.08884935632542654,0.6354804976797687,0.02412036286715421,0.38634484648965833,0.26696738773174267
LULU,0.014913211067967738,1.0444512599358895,1.009914197786349,-1.0669697375801472,0.23177964301824888
SWKS,-0.14561688898753675,1.070624180343898,1.2780190267716267,-0.8240973639683093,0.3606840713444391
ADBE,-0.07375658610410935,1.1469645170640856,0.9585321551333753,-1.128701498380969,0.3276668839907363
DRI,0.15802845952672118,0.973942656075745,1.037510919505927,-1.255794399977824,0.4106635999046943
KDP,0.014513756133901087,0.583295618469281,0.24798918990301572,-0.1726982728741927,0.31174209079220916
CARR,0.1511146991932976,1.1398059689153215,0.8012885718486134,-0.5381903207630484,0.4571062199382637
XYL,0.02033578223057999,0.9853961123890227,0.6105726841303497,-0.7267138157691178,0.46847670406722414
UDR,-0.027948037039501918,0.7967931929903109,0.5760411317871046,-0.5378015279012023,0.4009474749402442
TSN,-0.050436209042579956,0.7510590841347792,0.34678820937663757,-0.24494124476040766,0.33970495230208236
CRM,0.04647631722058744,0.9820798332054017,1.1989656375572644,-1.2950966478351897,0.2226957487184406
MDT,-0.06066778841936224,0.7709152582117792,0.5093103003707863,-0.47759823519843536,0.3894358095061889
ETR,0.1057567710535034,0.5792066470365853,-0.1436616548230599,0.17077775741604223,0.2099047807500377
TT,0.17869337000316887,1.032344992486857,0.5911334764584508,-0.5903623002884295,0.472551567988647
PG,0.0666625932952785,0.3879914441267536,-0.14813971935883308,0.13732553004836054,0.1615669407779988
OMC,-0.0058980403452230865,0.9971643785445065,0.8018825348230411,-1.1135616985745647,0.442339113827816
PAYX,0.08410946640489184,0.8771586330349258,0.5353818895851282,-0.6196034452178032,0.5542350916461724
DE,0.14107886699037414,1.0449480221834482,0.826597157824016,-1.0016863651533263,0.42136174872131593
DFS,0.18350984805488202,1.3331136109529704,1.3634571886479843,-1.520040513056692,0.4764828387357902
AMAT,0.09603352472393954,1.4640950976560219,1.6888218943385507,-2.1758102622825897,0.4803975891133851
DVN,0.24849770928118822,1.7660997587242178,2.123121428301583,-2.9681521718072394,0.3072596288901453
SBAC,-0.12130507590964901,0.8127682346301,0.07079781999132559,0.4373372232850584,0.3010328624508779
JCI,0.08943357878187938,1.21592586032555,0.8676098816273756,-0.8271137358949604,0.6107680091006101
ESS,-0.007203219459566333,0.8000614292002377,0.5424019199762451,-0.5582446067341085,0.3847003704473014
USB,-0.046594446238571556,1.1001621468977272,0.9830267412053353,-0.9385441741475757,0.4378709310598973
BIIB,-0.11784728845789941,-0.008059684738242263,0.027096599484402406,0.34486198757457825,2.292998523542412e-05
CHTR,-0.1557677505296292,1.155529743337581,0.707942592123573,-0.6902584534952015,0.33124818445848075
AMD,0.06719144853178892,1.455749761383191,1.6260453944669937,-1.715208489998477,0.24549001182072033
EG,0.0949376428664204,0.4982347451118018,0.16633462792125317,-0.5243617312471801,0.13159491779937924
CBRE,0.07655754838845273,1.3847080627723969,1.1875022832089097,-1.189302167497614,0.603701779459142
NVDA,0.5054967093009142,1.3411045112711237,1.5577774685613306,-2.005343674423826,0.23582009015522432
ADP,0.08148078149278883,0.7556587579777729,0.44100610327853923,-0.6041228322112034,0.3832550843041713
UBER,0.07603207623330573,1.3613951654773402,1.4792258806125347,-2.1022025525596697,0.28764422183051297
HPE,-0.014228654594771468,1.1834819986041007,1.0781874961543165,-1.5135799049624235,0.4459960471585697
SCHW,0.07364750203118071,1.0289986219299851,1.100465464358586,-1.5602814949029988,0.31150281724107876
CMG,0.16162500001082364,1.030487761004887,0.9687433009364873,-0.970377997785804,0.314449194643124
VRSN,-0.03305664641209011,0.7470160156815675,0.4765419892350593,-0.4865671885525449,0.3249593352467147
GPN,-0.19177077906835574,1.0945711885717595,0.8423877896817055,-0.9889538200746839,0.34636660029772637
MKC,-0.037690044717623675,0.7169492153547152,0.21220525442269964,-0.05428452085948293,0.32519482136635136
JNPR,0.08256624605176666,0.6962111298992408,0.3180763625725718,-0.5262835763136288,0.22061762509632254
EOG,0.19115554528275241,1.1421395552393852,1.1875008639410676,-1.8289593401919235,0.2842033786779342
AFL,0.14219590400971588,0.8970476945186671,0.48944608739581125,-0.8024918096623816,0.4582641741490966
LYB,0.01837797370222702,1.0081540898699313,0.9729355346743105,-1.0825944832864731,0.47952944154202487
GEN,0.0026678356340551004,0.9329551813144673,0.6131106179428791,-0.585046019512373,0.25052277608506335
KR,0.12172523423573112,0.553488460729475,0.10756647997510159,-0.01962011101896694,0.18727214623357305
MDLZ,0.014914890811985076,0.49798066268118274,-0.05077980720066461,0.18849686075325492,0.2352221633604664
CMS,0.027404781689839595,0.39234164628658824,-0.24200687181870986,0.5315919996683286,0.1543876349903214
DHR,0.022988739117345426,0.7456958370644516,0.5248033347738561,-0.1778946154393532,0.2951799724364173
PFE,-0.046650397232026596,0.583292513274022,0.07141181900752828,0.015382433916803245,0.14922261419838773
REGN,0.056069848777652156,0.3006441319156789,0.05552759880791231,0.0611186296025316,0.04242358511229337
FDX,0.05231998226355166,1.0921671647794258,0.6921169877526939,-0.6414190485411371,0.31350469929826336
CTAS,0.18967007785105444,1.1727629351344486,0.7605094744190561,-1.026729668205407,0.6326565407157972
XEL,0.01112204543015418,0.4135908039677158,-0.23297584009833688,0.46827544131683346,0.15096375753023097
MOH,0.07555086990819486,0.7657214660707683,0.36644006244338523,-0.34560518373414745,0.30709777372264385
GWW,0.14520297128026147,1.1675545268327872,0.7135612519660245,-1.0967604169462206,0.5643373841922608
EXC,0.08835861587635153,0.4488531666401899,-0.14766740259904687,0.25378335019530657,0.17344164494484213
HPQ,0.027311108385346644,0.9886071654504578,0.8021407643511042,-0.8847547370694832,0.31431489249041883
AWK,-0.020442514579017315,0.6505279323461823,0.031668855813764094,0.3467630992923303,0.2798287113851137
WAT,0.026092407041258245,1.0808311999662052,0.5369459425083045,-0.15768062472517266,0.37542300587821587
LMT,0.04767249688937675,0.44538342049663293,0.0326216889874874,-0.13912536579041251,0.13044885676069057
LYV,0.0592246510532399,1.3182606315489036,1.4973702213390518,-2.147674675020787,0.38038165368198434
TROW,-0.1366121448247219,1.37015136650688,1.2072186318508649,-1.2233990071113516,0.684943914183257
COO,-0.0916424532070012,1.0001058966710807,0.6066003963144977,-0.31626250056165384,0.4567468220899406
NEM,0.0012808876222759266,0.6478056203411285,0.06930109323692776,0.5391992981936915,0.10339856785798468
IRM,0.19946903466562738,0.9357764327036593,0.541142925854614,-0.5416372759222454,0.40546102857293914
CTSH,0.009394209642310428,0.9424742076213938,0.6549840293059854,-0.6770306900221587,0.4289015234959156
NRG,0.18783164216186307,1.031326740712536,0.6894059707321489,-0.9130450529035489,0.2525851028000392
ATO,0.018042100254119252,0.700716494327864,0.07434045684932439,-0.02924738422159718,0.3920248116032774
KHC,0.022493655350180268,0.5842974136861839,0.3462767887143016,-0.3455625042523506,0.20622831545003079
WFC,0.0844174849959362,1.0974469135083946,1.1465880975919387,-1.760764793894486,0.3833394646671583
MS,0.11323900284397607,1.357569485105981,1.3574122229132413,-1.4458246493045654,0.6322090562282656
AEP,0.035324269244232445,0.4940954193997442,-0.1660755238949987,0.3972657649702814,0.19490037765158583
EVRG,0.012827544162233827,0.5752215238344008,-0.020811882612126187,0.23396664440108683,0.24968674116590656
ZBRA,-0.10257253760777053,1.735037160881453,1.893956850550277,-1.9024562481127911,0.5771393996414393
CMI,0.06075643347111802,1.1075194226112652,0.847785805775684,-1.0736939650068962,0.5639443432339111
KIM,0.03776451581531963,1.3212481054055851,1.163340529222474,-1.4136075277526838,0.5889198553677037
CME,0.0781871624632573,0.4071081845185767,0.25104698253561014,-0.41139805940065804,0.15517639702947256
WAB,0.12741004465028438,1.1322917898182112,0.9157304517219736,-1.1383301183427519,0.6539506272777248
HSY,0.04714697967029257,0.2958273721910427,-0.182479298476204,0.23270024742623888,0.08131236321164192
BLK,0.009328917005593601,1.307593257988379,1.0191714780177064,-0.9585248742802285,0.7121468327174931
IPG,0.003335339143428123,1.0918812079945335,0.7865644408048469,-0.8920213022901519,0.5718726096980946
K,0.07831309411331502,0.35930098119813314,-0.03805775406191543,0.05447950553528466,0.0867770891139025
MHK,-0.062353099677418096,1.4330749432208314,1.1339345593531347,-0.7850747834717665,0.4058147091831643
ALLE,-0.06272306044488496,1.1041791472316602,0.7451507751335458,-0.6122155867292034,0.6045597368776423
IT,0.17093550881693306,1.1862277026481027,1.0779135754060256,-1.421169383111303,0.4808454974836771
CNC,-0.06667679912668095,0.6235238552354399,0.20169960581766802,-0.14311398450421567,0.19004423596113976
CTVA,0.0939421660064565,0.8808871837054252,0.7869242488946357,-1.0311554815156958,0.40111001701153176
HES,0.20768833397582254,1.1222465821052134,1.2218888212830141,-1.7406183263072463,0.274421715164712
APH,0.11697789244085535,1.0909884380157289,0.9017519992146881,-1.1083506813354957,0.6834807732035939
WBD,-0.23772407799521833,1.5440616049463867,2.1310438250695807,-2.2011520719140463,0.2749103375941078
SLB,0.11905921073582772,1.3432783803989883,1.4182325677776215,-2.1113559474775188,0.32194564350536325
APD,0.005841931604929712,0.8520507352464256,0.2626644510389833,-0.13926703934809956,0.3228894233803751
LII,0.12489788154741807,0.9655815319498732,0.6392178847042754,-0.5960891311479812,0.45598941635359647
ROP,0.003971360332716563,0.9629316780295102,0.4935281736406787,-0.6791798886911675,0.5759321439155354
BKR,0.1922263955294825,1.2981482398747266,1.3902809873067956,-1.9065443358364709,0.3240894794388875
EXPD,0.005438709703497233,0.9868869272544298,0.4959092282147497,-0.3327848852529261,0.4964783167824982
PFG,0.0881682981706709,1.1636737506586878,0.9699414335529953,-1.2795465420269598,0.5871074633576016
HAL,0.14016795655818834,1.667511404857945,1.6632502658193142,-2.4901038101655715,0.3376579637308583
SJM,-0.012081668476197717,0.41821789315326807,0.04155994356251621,0.17327718170714002,0.15540736276106606
STE,0.00636294772592455,0.8344332839523328,0.45905505974566047,-0.2595035958634893,0.3607763358670666
TFX,-0.27370470591808005,1.1932018512510434,0.9235413368948214,-0.654620833942808,0.44280198571307955
MAS,0.018064560127528474,1.2011422064897215,0.7701908123281773,-0.5111828210346648,0.5221246577727224
DXCM,-0.0650987721369134,1.2534701563633006,1.0672315039803393,-1.4174167485605853,0.2131951061899256
CBOE,0.13257134695479392,0.48835288887438855,0.28551647971041416,-0.513210043708918,0.22122750398418026
BAX,-0.22310370333215335,0.7195444476162919,0.25305719392822257,-0.08450810343122105,0.23894752078712428
MCO,0.00037891976147352846,1.2536876142718036,0.8689131117273419,-0.8363241692530777,0.7061642511458995
OXY,0.2435709320071779,1.2226713166134844,1.8290353733856974,-2.76829254153817,0.14607716116255226
CAT,0.0897523141595578,1.265477659536477,0.981302398463643,-1.1286693427938,0.5304691351069399
AMCR,-0.02220757137156326,0.8191123943673769,0.34639748363859557,-0.2662958899461133,0.46468757656556703
SO,0.09730268828391571,0.40506028462301896,-0.18706401164315387,0.37212433318534666,0.15189209194520883
GM,0.0448787764831142,1.2633202396957255,1.3695620167335816,-1.7254720131402066,0.38439929541311774
AON,0.09189155016224666,0.7934830032451685,0.35732985942039197,-0.5812941527888533,0.3516039733053195
TRV,0.14352750032731365,0.5873480686274039,0.2609747416247305,-0.4785162303889796,0.2780156740435333
MET,0.09657295944787546,1.0764511227116977,0.8484155014728838,-1.2223608640781647,0.49608881293248847
CF,0.14533662789493287,0.9956132028939159,0.9506068450536206,-1.399794012293942,0.24858136592358693
TER,-0.03422577997861278,1.4418304019528294,1.6913227976180745,-1.7799095396652356,0.3843996678237851
QCOM,0.08149054770857075,1.0679907773731665,1.1881322645049013,-1.010070268761667,0.29909107087220954
DG,-0.12726190005407795,0.4079405822965686,0.11181287420660199,0.20264895958447207,0.06047144295366895
PCAR,0.100049285258767,0.9484157623042925,0.784339109756065,-0.9071038864047613,0.48490824713745995
BRO,0.17099213838603905,0.6552593225956759,0.1531678365435382,-0.25840041390585655,0.2739337523302818
AJG,0.21715722232487647,0.6389014977511607,0.1285629167101211,-0.38095869824268425,0.27227305189461104
TPR,0.2405713495143607,1.416664022717262,1.546993443565223,-1.8431334371760693,0.33716708473688883
MKTX,-0.18305739812191482,1.2021458919330548,1.1902260431279927,-0.46635618172274157,0.2874417257534604
ECL,-0.021620856724247357,1.0519500589192492,0.7605211966757893,-1.01070067336304,0.5475266362088007
