,Mean Daily Return,Std Dev Daily Return,Annualized Return,Annualized Volatility,Sharpe Ratio,Max Drawdown,Positive Days %
BRO,0.001646022727358914,0.011621799555624578,0.5135482340855919,0.18449034846734164,2.248343779175384,-0.11356019694268793,56.17529880478087
RSG,0.0012496812656434238,0.009357023355769958,0.36987989500061613,0.14853814086714218,2.120126703509897,-0.08562214898903653,57.96812749003985
TRGP,0.0020707174559312434,0.01603348940342716,0.6841841656291807,0.2545237536603458,2.050185066777804,-0.17551539083378964,57.76892430278885
HWM,0.002422850479932768,0.018944395487816835,0.8400999075283737,0.300732955195305,2.030234167540909,-0.15670901172842033,57.96812749003985
PLTR,0.0055115600412016,0.04324278691261971,2.9952237983264802,0.6864579610089019,2.0233039884066435,-0.38709680974138105,52.39043824701195
WELL,0.0016730561431862656,0.013225426180401007,0.5238771629003975,0.20994713193710354,2.008172934742666,-0.11141422718073846,54.980079681274894
GE,0.0021579412817994076,0.017303115484616407,0.7215332191229118,0.27467844287355525,1.9797738669422367,-0.17649174378813226,55.57768924302788
FI,0.0014625896951230742,0.01201487434043432,0.44528037003650756,0.19073021723088246,1.9324290011417056,-0.15723510173855948,57.171314741035864
BSX,0.001457883630862039,0.012064116358743134,0.4435698834702886,0.19151191003788254,1.918348967980957,-0.11348656071882202,56.97211155378486
WMB,0.0015708927041410937,0.013120094791379582,0.4852072963236802,0.20827504797350543,1.900683568652513,-0.12183606032810546,55.97609561752988
META,0.0025970181633408864,0.02170265877718158,0.9224496615223665,0.34451902747989366,1.8996006750312142,-0.19822983377826664,54.581673306772906
COST,0.001409201343687939,0.012090415185035966,0.42599348966596917,0.19192939096274486,1.8502572056735815,-0.17294726590994403,57.171314741035864
WMT,0.001341568719694641,0.011515205563711144,0.4019284377667274,0.18279822130420217,1.849445333499412,-0.19562115616153652,57.171314741035864
RCL,0.002611507634088212,0.022530964984193515,0.9294637227646729,0.3576679808788823,1.8399743867849412,-0.2702407309097309,54.7808764940239
NVDA,0.003750834462571846,0.032660290554102855,1.568808161946151,0.5184660393196086,1.8230900635430627,-0.28407944001634755,55.57768924302788
NFLX,0.0024377120235028874,0.021426424488177862,0.8469874328276774,0.3401339440861382,1.806063289487969,-0.2751313781780309,52.98804780876494
IBM,0.0015921349847138572,0.01404488060680936,0.49316638856623585,0.22295556767526906,1.7995424843225227,-0.16862174437695143,56.77290836653387
VST,0.0038074135238275494,0.033688078755911004,1.60555651286723,0.5347816712141924,1.7941306885595438,-0.4346240126695107,56.17529880478087
GDDY,0.001884639684149593,0.0167288806430867,0.607181826173615,0.26556274736453817,1.7883878861735145,-0.19696757648009533,59.9601593625498
ICE,0.0012069819383262808,0.01072356702101943,0.3552365822598056,0.170231349030907,1.7867416911734628,-0.14191586695458502,54.7808764940239
NRG,0.002527195597225287,0.02275006098533111,0.8890043991113121,0.36114602207243507,1.7634232459385601,-0.2515662373210882,55.97609561752988
TMUS,0.001349447514268486,0.012175873619501875,0.4047109228032859,0.1932860015529231,1.759365762980758,-0.15908032150042095,56.77290836653387
COR,0.001183454684037119,0.010790084910149983,0.34723487109283746,0.17128728778516544,1.74111333207287,-0.11837614843763711,56.573705179282875
FICO,0.00204389245144181,0.018677319484332943,0.6728608579299982,0.29649325507707663,1.7371757668802297,-0.28838564259590005,57.37051792828686
AJG,0.0012688154455128301,0.011623730181437655,0.3764928031493353,0.18452099620199838,1.7328190224987003,-0.12776678732430435,57.56972111553785
TDG,0.0015576832911648921,0.014529518098426,0.4802792952099981,0.23064894934828373,1.7018772055224787,-0.12229125499294202,57.37051792828686
LLY,0.0020137150998287517,0.019156683690750676,0.6602130772679355,0.3041029259427196,1.668698857742754,-0.24280547315045298,55.97609561752988
BK,0.0013932416016344158,0.01352382674062877,0.420277860893461,0.21468409397777363,1.6354117210389238,-0.13666177087520814,55.57768924302788
LII,0.0018566806241491743,0.01811334364258186,0.5959189252898329,0.28754041614074655,1.627192182460257,-0.17521621822839972,56.37450199203188
CTAS,0.001330722902307169,0.013110550773221274,0.39810709308619363,0.2081235413821744,1.6112649686544704,-0.1959641383954649,57.76892430278885
CAH,0.0013426440253369268,0.013240278596063982,0.4023078703272325,0.21018290672638032,1.609770745179438,-0.18140231145216412,56.77290836653387
NWS,0.0014330265572799832,0.014215818526296388,0.4345686191151532,0.2256691230228298,1.6002308494725832,-0.13719501527137945,52.589641434262944
KMI,0.0012159401776727936,0.0123469006357446,0.35829574238574535,0.19600097126763302,1.5633439099398214,-0.15514302087965182,53.18725099601593
HIG,0.0012664460756329817,0.012907236155047038,0.3756722103745107,0.20489602187661593,1.557592031980462,-0.13722147603173762,58.56573705179283
PGR,0.0015692084169988871,0.016088511363024242,0.48457803592622595,0.2553972001907937,1.5483353802951125,-0.2290779038359012,54.38247011952191
GRMN,0.0018055312873712323,0.018521724021011828,0.5755172409561913,0.2940232536706114,1.547475850081135,-0.13458437789575173,53.98406374501992
CBOE,0.0012260535077768283,0.012581233009241117,0.36175762206460016,0.19972088237405275,1.5469863756214848,-0.14988581642302423,54.18326693227091
BR,0.0011352349916819674,0.0116521030871808,0.3309819220984296,0.1849714021174102,1.5466132311754204,-0.11060963097650722,53.38645418326693
MCK,0.0014281581342124093,0.01469968970057162,0.43281221952663196,0.23335033978518013,1.5422983748506365,-0.23907425289174622,56.97211155378486
AFL,0.001214043881467789,0.012571844275232037,0.35764760052045874,0.1995718408421702,1.5329770815304167,-0.1252503891152832,58.56573705179283
MMC,0.0008839364968220832,0.009291698160404567,0.24938771819430805,0.14750113553944097,1.51017140569472,-0.1061568033015311,57.76892430278885
APO,0.0018600299255254684,0.01971391087901692,0.59726398702983,0.3129486333262171,1.4977778821095453,-0.2924843325068325,56.573705179282875
TJX,0.0009624362709366585,0.010304856025799983,0.2743258623599272,0.16358451804355292,1.4826216024395749,-0.11044763045640871,53.58565737051792
AVGO,0.0027760767189258543,0.03012018414831941,1.0109396385402851,0.4781431001995379,1.4631003414613144,-0.2802767820920885,52.589641434262944
V,0.000932748749351842,0.010229549752093274,0.26483683593138974,0.16238906800920744,1.4474661854906192,-0.12453206313212783,58.366533864541836
AIZ,0.0013556992673575058,0.014905770843685861,0.40692271328544494,0.2366217765126613,1.443807160985502,-0.13964779254971837,56.573705179282875
JPM,0.0012747913738384267,0.01402647159436705,0.3785646350441223,0.22266333366244118,1.442749557923607,-0.19560638463244062,56.77290836653387
CME,0.0009754695099794039,0.010745717250061838,0.2785140438128948,0.17058297301608297,1.44104837762227,-0.11649407852316451,54.980079681274894
PM,0.0011529287977807767,0.012715431235142901,0.3369229946214052,0.20185121316678586,1.4393674057370645,-0.11732128584535173,55.37848605577689
ISRG,0.0016331227853678973,0.018052492146035975,0.5086440299802804,0.2865744285801474,1.4360909448611572,-0.2717155620305708,56.17529880478087
WAB,0.0012749450700785634,0.014122554136270293,0.3786179619028267,0.2241885967297067,1.4331066001860795,-0.17033622625168165,55.17928286852589
ETR,0.0012923524840229915,0.0143961719545148,0.38467099829819973,0.22853214493781293,1.4250635334579054,-0.17389216384969097,52.98804780876494
AMZN,0.0016456800525165701,0.018409461858041532,0.5134177534357942,0.2922411470814418,1.4190724933015813,-0.1990002423150694,52.98804780876494
ALL,0.001349558789504751,0.0151820745415903,0.40475026027277106,0.2410079617385573,1.411110290721938,-0.14271245520972864,52.98804780876494
FFIV,0.001378518057559203,0.015576149600094584,0.4150251871019912,0.2472637093547307,1.4049233161286512,-0.17121697241067502,55.17928286852589
ECL,0.00103829151789339,0.011758257666818702,0.2988947652094558,0.18665655382692514,1.4017694913179708,-0.17259473570772288,54.980079681274894
MSI,0.0010329653313532177,0.011771060486956721,0.2971543606020619,0.18685979229591806,1.3930619332423246,-0.1821497201204143,55.57768924302788
KKR,0.001804250516342708,0.020879189612812914,0.5750097338925335,0.33144685975239574,1.3717768527299377,-0.3517324784906194,55.37848605577689
MA,0.0008965011506409256,0.010436032527568829,0.2533463852490385,0.16566688045276765,1.3636901313290772,-0.12591335872324794,55.77689243027888
TT,0.0013723276242487172,0.01599205886508585,0.41282251123261515,0.25386606425353797,1.3622402124818742,-0.2032257007596987,56.77290836653387
VRSK,0.001033211921961498,0.012051441081084066,0.29723488616685456,0.19131069624297503,1.3609767224076912,-0.12901779795507362,54.980079681274894
CRWD,0.002412715747249501,0.028385227362986164,0.8354176817553967,0.45060151506292284,1.349317185988537,-0.4443707693970671,55.77689243027888
NWSA,0.0011831395302242256,0.014056863100036709,0.34712800606550376,0.22314578385826553,1.336127245881016,-0.13453752067975533,52.191235059760956
L,0.0009152610647552024,0.01088842259090196,0.25928021792975686,0.172848350071825,1.334382354372888,-0.06800696864172606,57.37051792828686
RL,0.0016113495440172002,0.019763960029829213,0.5004023173905072,0.31374313896449285,1.2942437129702122,-0.244332844893132,52.589641434262944
WM,0.0008895630415602104,0.010946647146901968,0.25115889641796874,0.17377263624406405,1.2900183326811356,-0.12413963960760488,54.7808764940239
AIG,0.0011670948013407507,0.01442470965652303,0.34169856551938316,0.22898516691283122,1.2843971245081938,-0.12415273981763941,55.57768924302788
HLT,0.0010490663527801057,0.012998567741390098,0.30242270555281436,0.20634586586246847,1.2811728492626469,-0.188501428915834,57.96812749003985
ORLY,0.0009802876803258812,0.01216217743205073,0.2800658130535465,0.19306858131749038,1.2795064518337713,-0.18065491991870697,58.964143426294825
WFC,0.0014169237112518747,0.01767563996867889,0.4287673037504538,0.2805920857262271,1.2725404364535766,-0.17575905274970405,51.79282868525896
CB,0.0009413298918143413,0.011782003571847364,0.26757237304925363,0.18703350838309712,1.2683028553970708,-0.14351443997662428,54.38247011952191
TTWO,0.0013433960911394436,0.01687780057036425,0.4025733051988263,0.2679267779215675,1.2635385592784696,-0.20005900184850922,56.17529880478087
AMP,0.0011581652103320227,0.014593944955742878,0.3386862916434332,0.23167169400156715,1.2597897825260236,-0.1765490015629394,54.7808764940239
SHW,0.0010636395474611946,0.013415238742638638,0.30720950909174216,0.212960312949484,1.2586249627826278,-0.1740011102494542,51.39442231075697
PH,0.001343214531268442,0.016941709479954124,0.40250922069073414,0.2689413004095842,1.2586020122760764,-0.16253938989985728,52.39043824701195
ERIE,0.0014757180737292742,0.01862507225212942,0.45006274587313455,0.2956638559784649,1.2577829418786435,-0.30293592882673215,54.38247011952191
AXON,0.0022381403658635127,0.02829107432037568,0.7566017944933006,0.44910688184735836,1.2558511013627718,-0.30050282803698913,53.38645418326693
FOX,0.0010703597251976377,0.013537182355316507,0.30942276049911177,0.21489610778819457,1.2551676878934264,-0.19740312861479348,53.58565737051792
UBER,0.0019142722782085548,0.024356904500566184,0.6192053160976612,0.38665387209508806,1.2476187332476065,-0.3058836825676897,50.99601593625498
TYL,0.001193684563180528,0.015259938496583005,0.3507082944635269,0.24224401370459703,1.2417582805093057,-0.14430840600412154,52.98804780876494
BKNG,0.0012858840868911893,0.01645513977674013,0.382418674310709,0.2612172458283678,1.2405107054435882,-0.19748776247502453,54.980079681274894
GS,0.001245250565930784,0.015938690246305065,0.36835313142084614,0.2530188636948842,1.2402361548543404,-0.21538203930715139,52.98804780876494
SMCI,0.005096720617154341,0.06613333514011382,2.6006400729339685,1.0498341489121807,1.223406189304986,-0.8484096025557222,50.79681274900398
MO,0.0008510540095032144,0.011080650098941916,0.23908648346451344,0.17589986716034137,1.2192482794731967,-0.1423010371407344,53.98406374501992
NI,0.0009023555285170233,0.011751635980972258,0.255195151790522,0.186551437822867,1.2189324072763408,-0.19041245103819615,56.17529880478087
FOXA,0.001066083151371579,0.013905685752476412,0.30801386436729117,0.2207459178652,1.2170234301215601,-0.1724566499803658,52.191235059760956
VRTX,0.0011961048144237627,0.015680538561594598,0.3515313634176387,0.24892083274522667,1.2109007105214589,-0.2324185815993539,56.77290836653387
MCO,0.0009676237532605215,0.01269031654581636,0.2759912003319509,0.2014525298335098,1.210415108825755,-0.1684556346753815,55.97609561752988
WRB,0.0010474703870101232,0.013750304412956667,0.30189954641584715,0.21827931556870397,1.2092879109448562,-0.13331078868716606,55.17928286852589
PHM,0.0014566818135020583,0.019172332400688507,0.44313338901605803,0.3043513415117265,1.2061186100879244,-0.3204483479286605,52.191235059760956
DELL,0.002426953018036391,0.0320818917184032,0.8419986527442413,0.509284242452385,1.200885693223369,-0.5078686658051641,52.788844621513945
GOOG,0.0013361060581000657,0.017784309095905036,0.40000246060172584,0.28231715464121204,1.192625814995608,-0.22279232601366616,56.17529880478087
IRM,0.001234546722192887,0.016494356092194122,0.36467171051307923,0.2618397855365329,1.188153180599061,-0.34975496830134767,58.366533864541836
TPL,0.002023056704184042,0.0270491817237166,0.6641180715614778,0.42939244805248533,1.1872828499118449,-0.3656489388970895,55.57768924302788
AXP,0.0011356054986233566,0.015188142649385063,0.3311060577336775,0.24110428996347935,1.1869244868949995,-0.21628255679751507,54.581673306772906
SPGI,0.0008811693608092717,0.011855470260090411,0.2485175686793879,0.1881997559035288,1.179888240863403,-0.19871552163511585,56.37450199203188
SO,0.000849003962111535,0.01143686832826086,0.2384470652928523,0.1815546562438156,1.1784274932876841,-0.1546444309515762,53.58565737051792
OKE,0.0010784003575539192,0.014544159138942931,0.3120758009942626,0.23088136866114184,1.1770412297860104,-0.22657316158336882,57.56972111553785
GOOGL,0.0013260200904147302,0.017890184212845526,0.3964533612402814,0.2839978700179386,1.1766182005639874,-0.22137635718163262,55.97609561752988
NOW,0.0015604782319226145,0.021069375582108533,0.48132063617324783,0.33446596841805554,1.1757265359594968,-0.33028306181739686,57.56972111553785
CPAY,0.0012250997795110535,0.01663156507016992,0.36143077773848065,0.2640179105367487,1.1693340948314717,-0.2102866069018724,55.37848605577689
COF,0.0014058924392377518,0.019229513039812563,0.42480659917597974,0.3052590560173064,1.1606040433664566,-0.24173209761301506,51.59362549800797
MMM,0.0013848853461377185,0.01895548176858385,0.41729435997958464,0.30090894444655,1.159789742603334,-0.22869170920904758,49.40239043824701
SPG,0.001037207946231675,0.014389606863466717,0.29854050493142315,0.2284279273483266,1.1442401351031517,-0.16218822894159124,53.18725099601593
PEG,0.0008780451666748388,0.012365873620485517,0.24753586465156974,0.19630215806315154,1.1271775317461175,-0.16688755872976002,54.980079681274894
PKG,0.000983053025468332,0.01389549096661486,0.2809572840972627,0.22058408065684465,1.1230609284239514,-0.22406620379418962,52.589641434262944
BLK,0.0009077255324912407,0.0128540652949194,0.25689334517449613,0.20405196063925712,1.1210224761926868,-0.20376033367550817,54.38247011952191
PNR,0.0011225188424084064,0.015930817794104442,0.32672845130793493,0.25289389239049764,1.1185511267710921,-0.22899250067174026,53.78486055776892
SYF,0.0014526007635400147,0.020722538857952704,0.441652151621458,0.32896010611209175,1.112765303788393,-0.26251186705901686,52.788844621513945
LIN,0.0007049842603769574,0.010075826799453635,0.1943396525950294,0.15994879178828517,1.1107056929204326,-0.1486024966285664,53.18725099601593
T,0.0010699581556062579,0.015300417451626604,0.30929040110246886,0.2428865971948598,1.110104296930235,-0.3141378448399458,53.98406374501992
DVA,0.00149131256520965,0.02144624071361408,0.45576395682273785,0.3404485169127075,1.103869594853284,-0.35037276579702115,53.98406374501992
LYV,0.0012523653119261115,0.01803313453086838,0.3708056088448135,0.2862671359658949,1.1024529851829703,-0.2513254999754334,55.57768924302788
TRV,0.0009652949975631287,0.013943683241452887,0.27524333169212123,0.22134910930286003,1.0989623592886324,-0.130238955414417,54.38247011952191
CPRT,0.0009548657426891868,0.013803085308214804,0.2718993792111153,0.21911718630567426,1.0981619982195063,-0.18025078585455245,54.980079681274894
APH,0.001130846577545142,0.016449912216150414,0.3295124929072224,0.2611342608766643,1.0912904977871551,-0.2155315526686563,52.589641434262944
VTR,0.001038362624901771,0.015178564366107403,0.29891801612696245,0.24095223943024163,1.085971983883561,-0.19345194369099095,53.78486055776892
ATO,0.0007288548693818049,0.010670920030737203,0.20154054949370703,0.16939560396953016,1.084275050710599,-0.168749574410884,54.7808764940239
ADP,0.0007527513166069389,0.011137345281878038,0.20879255340958314,0.17679987528784713,1.072926841583512,-0.1733229170577547,53.98406374501992
RJF,0.0010830277752616386,0.016058598809016156,0.31360506351366424,0.2549223531168886,1.070612270869752,-0.20284988644735102,54.38247011952191
ANET,0.0020137034004570086,0.03009302285878988,0.660208192402465,0.47771192809524016,1.062257873565168,-0.40255743966419844,55.17928286852589
GILD,0.000966752927606678,0.014487221172690265,0.2757114877594389,0.2299775064679678,1.0593285469455924,-0.2658982862298782,53.38645418326693
C,0.001107528683905407,0.01670053235822099,0.3217317231503749,0.26511273229343885,1.0527492434246613,-0.224052249321943,51.992031872509955
FAST,0.0009033765765736996,0.013622981506638033,0.2555178688085029,0.2162581270907775,1.0526813505649781,-0.203637179459756,50.99601593625498
ETN,0.0012659702362504638,0.01909142402318164,0.3755074698957579,0.30306696083653706,1.0526535081703832,-0.2648071734741513,55.77689243027888
MSFT,0.0009258369785249321,0.01396442787014706,0.2626377451267883,0.22167842007425095,1.0524746545475,-0.18518564473353982,54.38247011952191
BX,0.001290948769493653,0.01958638207040404,0.38418190847557954,0.3109241762507009,1.0462971835618629,-0.3082416504298763,54.38247011952191
ABBV,0.0009077860296394359,0.013898128117498725,0.256912489634596,0.22062594412929543,1.036877509451356,-0.19642202985972512,54.38247011952191
GEN,0.0011958895946570947,0.018321431250501105,0.3514581521447533,0.2908437045095584,1.0361722574046082,-0.21387590007600932,50.59760956175299
EBAY,0.0011116622373406903,0.017150434582797067,0.32310770196771,0.27225470869657703,1.0289588200366582,-0.22081525762261567,52.98804780876494
KR,0.0008659669142381489,0.013385725514946021,0.24374778634427718,0.21249180498431508,1.0269744868707835,-0.14163369940995063,53.18725099601593
KLAC,0.0015895186369370136,0.024572338455811048,0.492183801721243,0.39007378011230964,1.0268793159919618,-0.31015366467950556,54.7808764940239
CCL,0.0018580282423245737,0.02873480993048984,0.5964599859315838,0.4561509662807119,1.026465253123352,-0.4284974005703074,50.99601593625498
AZO,0.000838158294854764,0.013057740159205465,0.23506972201273468,0.20728519887455168,1.018962721169627,-0.15620142126974723,54.581673306772906
MAR,0.0009228238369077302,0.01442186292717836,0.2616802581255975,0.22893997648545578,1.015775446781885,-0.21885040933025268,55.17928286852589
ROL,0.0008883412517272558,0.013889435400901162,0.25077407713696354,0.2204879515312871,1.0153026225721118,-0.26330270800957634,55.77689243027888
TPR,0.0014410232839625488,0.022557521720538314,0.4374582842034733,0.35808955599889336,1.014097902256844,-0.3954436683998276,48.40637450199203
K,0.0008424122296918287,0.013236927761557101,0.23639330347558363,0.21012971387764187,1.010270646472948,-0.26244362606460125,53.18725099601593
PANW,0.0016172132089670595,0.025455225734894747,0.5026174375727208,0.40408918116925735,1.008534124770337,-0.3049349815254886,56.77290836653387
WTW,0.0008092682888737145,0.012746597385289864,0.22611806515028077,0.20234596046245887,1.0078560912710295,-0.18376949729159942,52.98804780876494
ORCL,0.0013993436485002023,0.022082026722173496,0.42246047473782844,0.35054130690692314,1.005971600133515,-0.24889892196218888,55.57768924302788
PPL,0.0006863467866442101,0.010944581007120863,0.1887472984983598,0.17373983729185585,0.9955079556325136,-0.20297392950131854,53.78486055776892
CBRE,0.001115329678635117,0.017913065981771472,0.32432971565855984,0.2843611068387504,0.9884019729021135,-0.26037566721802585,51.992031872509955
DUK,0.0006758393514654861,0.01088112791201457,0.18560594617171322,0.17273255063444437,0.9859839152710392,-0.12481737695298611,52.788844621513945
ROP,0.000657426398711394,0.010760627775797189,0.18012104997249212,0.17081967027416078,0.9698616805042023,-0.12576007993875082,54.7808764940239
ESS,0.0008477384843846945,0.013896699767423798,0.23805252167709812,0.22060326977479505,0.9683904426395372,-0.15310022081256702,54.581673306772906
BKR,0.0010266882111114456,0.01704290455287096,0.29510620693082656,0.2705477223906421,0.9563023739912041,-0.229945600763644,51.992031872509955
PCAR,0.0009306738732033147,0.015539424891372394,0.2641762803802403,0.24668072267722949,0.9507423746042245,-0.26162605894016755,53.38645418326693
NDAQ,0.000806910985659061,0.013493110333530584,0.22539050552672313,0.2141964861316663,0.9493226152229667,-0.17587319776495647,55.97609561752988
IP,0.0010815812699456495,0.018097745449855644,0.3131268338208191,0.2872928025076128,0.9487132209623711,-0.19043720986465051,53.18725099601593
GWW,0.000817435408051756,0.013691319159737864,0.22864209950316638,0.21734295370248122,0.9477819240048861,-0.21745647994242556,52.589641434262944
PAYX,0.0007616707421639801,0.012759714070731927,0.21151054605061304,0.2025541813886898,0.947603380534511,-0.14170153383691686,54.18326693227091
CL,0.0006172001856720533,0.010398268442227304,0.16822612820784055,0.1650673941829467,0.9422481499706493,-0.2038570039782872,53.58565737051792
CMG,0.0010355786328620441,0.01763253136182738,0.2980080023300511,0.2799077578076538,0.9323279123280493,-0.28915484380331613,54.980079681274894
SYK,0.0007363906107544506,0.01257545066085445,0.20382277748461486,0.1996290904391024,0.9295761128898722,-0.16560253199763253,53.18725099601593
ABT,0.0007118672418016661,0.012214185846248823,0.19641157680563803,0.19389418929779637,0.9251981484525007,-0.20878328676333469,52.191235059760956
CAT,0.0010028308536661399,0.017211570047271106,0.287351163091063,0.27322520410828544,0.9249270247546825,-0.21332789828505017,52.788844621513945
DFS,0.0013390355302855934,0.023235749367139433,0.40103498020727546,0.3688560861100643,0.9148200784500015,-0.334197595887721,53.58565737051792
SNA,0.0008249921052186322,0.01432535353715232,0.23098209319286211,0.22740793741430712,0.9142073617964033,-0.14696095998908965,52.98804780876494
EQT,0.0012567870506233838,0.02185816102455702,0.37233200286348445,0.3469875491290961,0.9127426547494397,-0.31619002728369916,49.20318725099602
LRCX,0.0014726345112661943,0.025689864220868188,0.44893805840958745,0.40781395166059997,0.9099833277600307,-0.35917108277929866,50.59760956175299
ACGL,0.0008682438733523059,0.01521391194615482,0.2444610271364922,0.24151336486776212,0.9059434710976809,-0.19309805848972472,54.581673306772906
BAC,0.0008897377672136856,0.01559269900538439,0.25121393826978844,0.24752642301918776,0.9058181126807144,-0.2226723468184859,49.60159362549801
IT,0.0008393331889242502,0.014847134626973242,0.23543514078716288,0.23569095542920163,0.8974123051253293,-0.18075388264016512,54.581673306772906
AON,0.0006916842187749431,0.012275370828137408,0.19034617610014437,0.19486547077409147,0.8944859365739437,-0.19425831102820046,54.18326693227091
CTSH,0.0007530709041672413,0.013365074231426964,0.2088898354779949,0.2121639760216408,0.8944679083068646,-0.19148972937372843,53.18725099601593
CHD,0.0006308448770496618,0.011214060511123515,0.17224742982699426,0.17801769179797616,0.8930174715270751,-0.13962639956938405,54.581673306772906
AAPL,0.0007774935798566258,0.013895949861148463,0.2163471829050716,0.2205913653817282,0.8881960623654523,-0.18959713950233803,54.38247011952191
FIS,0.0009054987288939688,0.01620236105813694,0.2561888701733508,0.25720450807144607,0.8871760506541934,-0.2435988484327507,51.39442231075697
DECK,0.0013812033249787621,0.024843085436571564,0.41598172051998095,0.3943717551881931,0.8825764860583214,-0.47541571155328555,54.38247011952191
PWR,0.0011775264088525407,0.02118770683244425,0.3452260750048668,0.3363444187823494,0.8822404608499256,-0.33885426494726756,54.18326693227091
RTX,0.0007502612577794985,0.013508191265063115,0.20803484951009032,0.21443588849791193,0.8816893398059843,-0.3283623737539949,51.19521912350598
PG,0.0005436108946728113,0.009806621452877506,0.1467739327359947,0.1556752893963888,0.8799723192338977,-0.11764049576256952,55.77689243027888
FITB,0.0010652129855552926,0.019263204883861063,0.3077273774574347,0.3057938974606874,0.8778254719567886,-0.2194993356913475,53.18725099601593
LDOS,0.0009237905315801854,0.01680578208946411,0.2619873661910035,0.26678351997999294,0.8725996792293051,-0.36862766949365644,53.98406374501992
IR,0.0008941892274357843,0.016271562846565245,0.25261704530986884,0.25830305240621926,0.8723694250404923,-0.24043994354527243,51.79282868525896
GLW,0.0008957216967378416,0.016323659436123315,0.25310044450979285,0.2591300601269708,0.8710755806074175,-0.2519319147446627,53.18725099601593
DTE,0.0006414578618087881,0.011714062305015803,0.1753847706147218,0.18595497420832718,0.8692823725958493,-0.17969611717476486,56.97211155378486
AMGN,0.000822923677696259,0.015079209860203367,0.23034114666023853,0.23937503554470696,0.8663257900205157,-0.22740562324299507,51.992031872509955
PRU,0.0007918842567591919,0.014557692217384136,0.22076274257978445,0.2310961996213132,0.8635141254175438,-0.17907142395461884,55.17928286852589
CRM,0.0010874242093007163,0.02004460973133762,0.3150596354467021,0.31819831485878736,0.8611953236314033,-0.3111121419652758,52.788844621513945
INTU,0.0009805955580466956,0.018321144865657325,0.2801650337661006,0.29083915829110296,0.8496451512228388,-0.2119581598926179,52.39043824701195
MLM,0.000795136548557916,0.014881855213205107,0.22176286847119697,0.23624212764846497,0.848173914750538,-0.25500798470634234,54.7808764940239
MU,0.00159678712066158,0.029963053326514832,0.4949151212173206,0.4756487257327492,0.8459821978642441,-0.44973590264448593,51.19521912350598
PNW,0.0006418342615757742,0.012158434711279403,0.17549619287286822,0.19300916746716426,0.8380028577897035,-0.1952117956176751,54.581673306772906
KO,0.00046282161217287563,0.008771362671282045,0.12367443946000578,0.1392410657242049,0.8376196035340326,-0.17266471844987796,53.18725099601593
MAS,0.0008323371131810913,0.015825958257743807,0.23326078960083318,0.25122929885567497,0.8348904903887449,-0.21684748938437148,51.59362549800797
NTAP,0.0010556382515303582,0.02020572208533171,0.3045791876945261,0.32075589418963874,0.8293560436597067,-0.3251313994448226,53.98406374501992
EXPE,0.0013431690466974317,0.025868781565714292,0.40249316662880874,0.4106541764587926,0.8242424384589637,-0.3134758596539806,52.191235059760956
JBL,0.0012374035648554612,0.02387330533142783,0.3656533109715101,0.3789769732804228,0.8228090895455061,-0.3683021024146047,54.581673306772906
MET,0.0007951223645772498,0.015359929017224562,0.22175850492443483,0.2438313140110856,0.821760062632305,-0.19767376323474972,55.37848605577689
CINF,0.000742620552297276,0.014377318721927644,0.20571279890440164,0.22823285914880131,0.8199537081420137,-0.16064275306051856,52.39043824701195
CARR,0.0009455582273425148,0.018418992373974333,0.2689224682404048,0.29239243933158776,0.8149344553334755,-0.24467315902730757,53.58565737051792
DLR,0.0009567825863765233,0.018646090898897155,0.2725133247952993,0.2959975166519201,0.8145649818083358,-0.2509291171079985,53.58565737051792
AVB,0.0006370462520384786,0.012420558442249655,0.17407962513547304,0.19717025269641839,0.8141981527044662,-0.17052818198391362,52.589641434262944
VZ,0.000733032675942516,0.014324499322706857,0.20280528129418474,0.22739437718037306,0.8123518119842853,-0.19236549032607775,54.18326693227091
STX,0.0010477540229040202,0.020485504406550784,0.3019925072424381,0.3251973008487071,0.8119194503851394,-0.2342324299833235,52.589641434262944
DPZ,0.0009074463415685524,0.017797925054295883,0.256804998335163,0.282533301279796,0.8093788485797442,-0.24377857382588608,50.99601593625498
CSCO,0.0006108242315146079,0.011991525164361435,0.16635174915052842,0.1903595605516398,0.8086155793573838,-0.20164163327165763,55.17928286852589
DGX,0.000635727848739026,0.012495961764574761,0.17368986449046608,0.19836724332982003,0.8076102444790673,-0.1723591717132592,50.0
VMC,0.0007454864673801365,0.01471328795336305,0.20658324409613815,0.23356620535608683,0.8043226523006002,-0.24429540678738826,54.980079681274894
CMS,0.0005704953722525444,0.011348773078704672,0.15456522070071,0.1801561875117445,0.7980010889066415,-0.1961094201139736,53.78486055776892
EMR,0.0007713113847773347,0.015357748326255373,0.2144551589966055,0.24379669661514106,0.7972645719261847,-0.1836365494708515,52.191235059760956
CMI,0.0007806038834203222,0.01557774845794972,0.2173001825644556,0.24728909043632927,0.7954745527788241,-0.18561750109841724,53.38645418326693
LNT,0.0005889701283340457,0.011840319661023934,0.15994986212944262,0.18795924759946753,0.7896417666900684,-0.16348492310023488,51.39442231075697
UHS,0.0008466500226700234,0.01711100641069165,0.23771326728282127,0.27162880586833227,0.7854682607420758,-0.31955595327578123,54.581673306772906
REG,0.000620602461524754,0.012544685676455837,0.16922754380439065,0.19914071145225734,0.7853332408211865,-0.15102442386316872,50.79681274900398
FTNT,0.001211929743420542,0.02451181043857182,0.35692536486931736,0.3891129276265087,0.7848783056499266,-0.38315892861555156,53.38645418326693
WDC,0.0012008498754254202,0.02440875734356236,0.35314649406731213,0.3874770104591254,0.780986124179691,-0.3315750305490074,51.19521912350598
PNC,0.0008297389598554974,0.016921597310734757,0.23245426535492597,0.2686220296211012,0.7783956445363716,-0.20822463065777175,52.191235059760956
YUM,0.0005507170504913689,0.011378594958141803,0.14882823439133053,0.18062959517145968,0.7683164909498339,-0.1788689076551545,52.98804780876494
NVR,0.0007141903318907432,0.014866853137544775,0.19711168422981928,0.23600397708038287,0.7625971640942625,-0.2884184694722387,52.589641434262944
CNP,0.0005953357110522441,0.012409379113848722,0.16181095910703847,0.19699278635977682,0.76157407566777,-0.18141177618129078,53.38645418326693
SCHW,0.0009518401205941066,0.019863512074345096,0.27093090347775983,0.3153234786782752,0.7606909304538277,-0.2711272221787272,50.199203187250994
HUBB,0.0009055519994160612,0.01897776863403837,0.2562057183249613,0.3012627374675249,0.7574753710702324,-0.29265650196954895,54.7808764940239
MTB,0.0009072690035558743,0.019168354769440957,0.2567488849201447,0.30428819857319767,0.7513659417885118,-0.2223822477774755,51.39442231075697
AME,0.0005888756735328576,0.012531577251659775,0.15992226887403183,0.1989326216597163,0.7459644802958445,-0.17264456651188753,53.58565737051792
PSX,0.0007738023641889303,0.016582547676487095,0.21521715551372478,0.2632397835351409,0.7407626353315984,-0.34487536866840196,53.38645418326693
HBAN,0.0008707190633000525,0.01879433812560783,0.245236824432022,0.29835086841850883,0.7354468418835713,-0.21950420414228666,49.20318725099602
PTC,0.0006257278127901444,0.013586736212449777,0.1707377386405029,0.2156827508830665,0.7310895664002601,-0.2406755980226235,53.98406374501992
LH,0.0005769797228841806,0.012586044593479033,0.15645230403176114,0.1997972639058873,0.72773213869086,-0.16648329201848255,53.58565737051792
URI,0.001058386801789508,0.023149297719482476,0.3054821427017216,0.36748370874927183,0.7257831237164594,-0.32217157575484956,50.199203187250994
BLDR,0.0012282845714939481,0.02706514796429352,0.36252251675358727,0.42964590426412036,0.7204251429944879,-0.418340252501453,53.58565737051792
OTIS,0.0005199255691355342,0.0115762063801108,0.13995318363497233,0.1837665792439946,0.7129764506754639,-0.1669730216427695,55.57768924302788
DRI,0.000676084171870059,0.015059840705731669,0.18567904466771745,0.23906755974968072,0.7126571731005524,-0.21445203053688322,50.79681274900398
MS,0.000764016581295701,0.017057701112516952,0.21222639776474916,0.2707826104931379,0.7110212067750036,-0.2494862169747425,52.788844621513945
TRMB,0.0008301001142310492,0.018566608200571735,0.23256634421375333,0.2947357679321115,0.7097381843197514,-0.2680652795450764,53.98406374501992
HD,0.0005670700662416476,0.012892139949165132,0.15356962245440808,0.20465637703759101,0.6982516682910264,-0.1898980456706698,51.59362549800797
AEE,0.0005435371658831659,0.012379479209033315,0.14675263784512094,0.1965181400855804,0.6969909533181468,-0.23375033180523608,51.39442231075697
KEY,0.001149405048165473,0.02623626792031183,0.33573771796862184,0.41648784148564133,0.695458650376196,-0.3001567309576393,49.40239043824701
MDT,0.000548058929899142,0.012516972168087306,0.14805937588555174,0.1987007731456559,0.6950695165808078,-0.22768274911636865,52.98804780876494
GD,0.0005069313453023312,0.011689932493774886,0.13622837059886184,0.18557192532996877,0.6883945337584808,-0.22547287793672055,52.39043824701195
AEP,0.0005445043388733503,0.012569735936762621,0.14703201516350428,0.19953837200655244,0.6876626887162256,-0.23358365046828167,52.191235059760956
CFG,0.0009588534244908416,0.022247075214028557,0.27317692493403856,0.3531613704892117,0.6841944877407633,-0.28787534182123087,49.800796812749006
EVRG,0.0004884975235523523,0.011338052546969657,0.13096507665131973,0.17998600434638515,0.6839497125469975,-0.2293455326025987,55.17928286852589
KMB,0.0004610829654777458,0.010735002151684395,0.1231824489657245,0.17041287610260114,0.6818317368837508,-0.18704952465673508,55.97609561752988
JKHY,0.0005715096926305007,0.013309312249037884,0.1548602069175633,0.21127878199355998,0.6816607005396126,-0.200964090448152,52.39043824701195
WEC,0.000499008146319551,0.0116418156446001,0.13396312615179484,0.18480809402923787,0.6804358517578367,-0.2055289741005878,51.39442231075697
ACN,0.0006250675739499278,0.014627137600688107,0.17054308900255033,0.23219861090485638,0.6783719679525757,-0.2689488596687427,52.788844621513945
JCI,0.000728584827978706,0.017066561760591792,0.20145884645699352,0.27092326892070323,0.6776951178171888,-0.30851828798143655,53.38645418326693
UNP,0.0005350114292677509,0.012692765713339953,0.14429282617879924,0.2014914091626292,0.6691247072804678,-0.15204117922595384,49.800796812749006
EQR,0.000527651289260273,0.012632688965138849,0.14217353505168617,0.20053772035072379,0.6630579257659788,-0.2212132819824738,53.18725099601593
XYL,0.0005603374128772268,0.013448291400791793,0.15161520332935585,0.2134850076313413,0.6614283111107384,-0.23004769624780297,53.98406374501992
STE,0.0005625978046362841,0.013615283677823577,0.15227100346090072,0.21613592784670832,0.6559513181394604,-0.178731234294923,52.39043824701195
QCOM,0.0008913405653084498,0.021702298918560205,0.25171896222590684,0.3445133149013779,0.6519858964581082,-0.33080255076889353,54.18326693227091
DOV,0.0005623501038648802,0.013694223459342375,0.15219912069570207,0.2173890580293994,0.6518829763491816,-0.1528505513972831,50.0
HCA,0.000638155398438014,0.015577417427619611,0.17440762283986166,0.24728383549274993,0.6503262135429569,-0.28447563625979877,55.37848605577689
HAS,0.0008320443339265819,0.020319942749929615,0.2331698781702316,0.3225690910283022,0.6500163158258141,-0.40267479239971826,51.19521912350598
TFC,0.0008478221472516443,0.020759097678214294,0.23807860175571083,0.3295404593919202,0.6483306526356465,-0.2466226983937181,51.19521912350598
UAL,0.0010549139171424917,0.0262391865305341,0.3043413326111313,0.4165341729865737,0.6382148797392353,-0.4115604727178632,50.0
EA,0.0005749217696331331,0.014356737313718258,0.15585306351825734,0.22790613942228005,0.6357015493957601,-0.3054454973920602,52.98804780876494
J,0.0005349530295120675,0.013424968114257241,0.14427599504878774,0.21311476193577852,0.6325613590186917,-0.19896819731490456,53.78486055776892
VRSN,0.00046717442766976196,0.01175378065755256,0.12490711138466404,0.18658548350811185,0.630959887978969,-0.2634986773913056,50.99601593625498
ED,0.00044187090868186795,0.011330486382531368,0.11776021473161458,0.17986589520949114,0.6190805036059718,-0.17356452512585263,51.992031872509955
DHI,0.0007687066008669203,0.019730660923635908,0.21365885843081212,0.3132145320412836,0.6184708677339763,-0.36080381726988453,52.39043824701195
GM,0.0008050775372530546,0.020706320041462993,0.22482492609979166,0.32870264038214236,0.6172129896854694,-0.34019685293202206,54.980079681274894
EQIX,0.0005984320932028005,0.015525318248532524,0.16271731918091747,0.24645678666449963,0.6118918027296837,-0.24182955555476726,52.98804780876494
MCD,0.0003916743899278524,0.010434923591485835,0.10371594857869604,0.16564927663819484,0.5958489422045592,-0.1720503804982061,52.39043824701195
WDAY,0.000744644106034524,0.0204078773412866,0.20632733439872508,0.32396500939052625,0.5792301924017216,-0.3259333758962879,51.59362549800797
NCLH,0.0010998994122691235,0.030662350403149335,0.31919583026789167,0.4867497226767254,0.5694397736224383,-0.4333925413184041,50.59760956175299
TSLA,0.001313922168365757,0.03688881400245976,0.3922081050006634,0.5855917680637545,0.5654252748855623,-0.5370524722253526,50.199203187250994
FDX,0.0006441076275630666,0.01809389827967913,0.17616938077686206,0.28723173057438245,0.5651016404813923,-0.21954898015681468,52.98804780876494
ROST,0.0004762423607927174,0.013385941544728044,0.12747938265587666,0.21249523435078918,0.564780077475272,-0.21083520461463667,49.800796812749006
AMAT,0.0008479439899895343,0.024427655590553196,0.23811658455726858,0.3877770108296424,0.5510432014012225,-0.4197040357977212,50.59760956175299
ADSK,0.0005867798998828569,0.01702752076752635,0.15931019481041742,0.2703035123691743,0.5470462942728044,-0.25029999187510155,53.18725099601593
BXP,0.0007864816030932108,0.023235219046682694,0.21910315200357355,0.3688476675338021,0.5373312112955851,-0.27745710915317445,51.39442231075697
NTRS,0.0005870718252598944,0.017422422815079608,0.15939543279782065,0.27657238802951106,0.5349127619699605,-0.28483036369617454,52.39043824701195
JNPR,0.000506448644787493,0.01505063841218086,0.13609023757002348,0.2389214778683196,0.5341715597322236,-0.2641381449980017,51.19521912350598
PFG,0.0004816624581439944,0.014363943139727872,0.12901968070625713,0.2280205283639535,0.5323158415743533,-0.19799228261021584,51.59362549800797
STT,0.0005382668679001599,0.016173406975922937,0.14523145155180428,0.25674487626557585,0.528319211988992,-0.19865354086268006,53.38645418326693
ALLE,0.0004933408877864855,0.014862839192889853,0.13234561554218582,0.23594025768438306,0.5269211152956338,-0.23718988059850277,52.788844621513945
EMN,0.0005230664439978731,0.01586147820856367,0.1408553436203943,0.2517931605943786,0.5234961250587947,-0.2266734052886149,50.0
LEN,0.0006179563818710565,0.018877469521188395,0.1684486308503239,0.2996705384115963,0.5196540475981611,-0.3715461658008581,51.79282868525896
TSCO,0.0005197885433051601,0.0159131833424466,0.13991384160254183,0.2526139541489358,0.5185252467711003,-0.24134143654783136,52.788844621513945
EFX,0.0005741882211983131,0.01792615344744762,0.15563954163430305,0.28456886391557745,0.5084724651566289,-0.31463218575863694,53.58565737051792
DAL,0.0006697264231057415,0.021000956148914292,0.18378220211504015,0.3333798435875998,0.5062425394602482,-0.3687455460942227,50.99601593625498
DE,0.0004995013965394901,0.01585231507990919,0.13410401511373093,0.25164770043647233,0.5002006841692881,-0.2158760688271636,51.992031872509955
TDY,0.00042411559966459535,0.013632795679714087,0.112772304716938,0.2164139222584754,0.49385515497394217,-0.18969060293775353,54.18326693227091
TAP,0.0004721462929176195,0.015200158211307923,0.12631673963918844,0.24129503109574285,0.49309289658778765,-0.2786975623948532,50.79681274900398
USB,0.0006341651126882206,0.020541644154548466,0.17322803846612622,0.32608849171991333,0.4900804918153831,-0.22943572744221152,48.007968127490045
EOG,0.0004868171145629319,0.01580589306075818,0.1304864894388582,0.2509107737282861,0.48893043151151444,-0.17834729749226053,53.38645418326693
GL,0.000917165140873677,0.03015823060398439,0.2598840464274248,0.4787470689592798,0.48277186532462135,-0.6162255292440315,56.97211155378486
CDNS,0.0006252989016346188,0.020619466983035472,0.17061128466918762,0.32732389082291485,0.4814048947535382,-0.2834303010295022,52.191235059760956
TEL,0.0004014112558169761,0.01341783975094933,0.10642637470347105,0.2130016026763726,0.47490551805645526,-0.1965735688857605,50.59760956175299
FANG,0.0005282281548529129,0.017664638853419314,0.14233949741077856,0.2804174484354999,0.47469761873092603,-0.32069141472221074,53.98406374501992
CTRA,0.0004743921543360018,0.015972423836917705,0.1269540652752854,0.25355436784442603,0.4714839815578452,-0.21417625968790655,51.992031872509955
RF,0.000580423514547206,0.019576527242194396,0.1574557690456846,0.310767735702765,0.47066252014589216,-0.32348242203882593,50.59760956175299
LOW,0.0004129809029025517,0.013972023701143898,0.10965560757836679,0.22179900015316203,0.46921396155788475,-0.21434983835055832,50.79681274900398
JNJ,0.0003000988260608984,0.010190288832344845,0.07854569929691846,0.1617658202298194,0.4674961871420472,-0.15946154204850305,52.589641434262944
MAA,0.00037704029968110066,0.013026346716634624,0.09965472914551676,0.2067868434235079,0.4594787267246229,-0.2396562298518936,49.40239043824701
MKC,0.00041826002593953014,0.014635452484807477,0.11113219397862562,0.23233060559821744,0.4536704334126278,-0.35823388195648465,52.589641434262944
CPT,0.00039313926823802617,0.01376592474951518,0.10412329992083369,0.2185272807242777,0.4533580213309089,-0.2486800498014412,51.992031872509955
KIM,0.00042669778160186046,0.015062703228809583,0.11349632414948507,0.23911300089479878,0.44969466554006937,-0.21127563461715715,50.199203187250994
ITW,0.00032134734337477787,0.011394496874551675,0.08433459464749848,0.18088203026859884,0.44769251213177086,-0.15009037178200912,53.18725099601593
HES,0.000467179261393404,0.016666678351397932,0.12490848099315421,0.26457531659581746,0.4449741396359684,-0.23262592837035556,56.37450199203188
UDR,0.00036470990211654835,0.01309259464276514,0.09624438176112649,0.20783849664799864,0.44220342629318765,-0.2679935871596232,50.0
SNPS,0.000583046752141537,0.02098228593941789,0.15822071979144892,0.3330834632000821,0.44111400826707614,-0.31018832288295783,53.78486055776892
CI,0.0004902997613603755,0.017741608532265467,0.13147858548174107,0.2816393042078165,0.43870133897094576,-0.272986480627157,54.980079681274894
MPWR,0.0008853520828407923,0.03266753193586297,0.24983309480679594,0.5185809926913231,0.4302292756971167,-0.4078952839105221,52.788844621513945
WAT,0.0005438695065324853,0.020120459016249936,0.14684863002759663,0.3194023849287878,0.42909859823602564,-0.24226905292149292,48.20717131474104
AMD,0.0007855013094622412,0.029286054135279866,0.21880226574174944,0.4649016967459517,0.4257810444014226,-0.5428612213960881,50.0
NXPI,0.0005761380818217276,0.02158828195014163,0.15620719527330817,0.34270335163931553,0.4236515222993205,-0.3056372629113361,53.18725099601593
EXC,0.00032817046990822954,0.012412491362013847,0.08620002725092069,0.19704219176775625,0.4197017789689782,-0.2081684157588236,52.191235059760956
MOH,0.0005764359770552554,0.022358438755752115,0.15629394454725687,0.3549292119083311,0.40926996523307224,-0.3645984599436143,52.191235059760956
NSC,0.0003977869669125171,0.015565158038288273,0.10541671707652345,0.2470892237203725,0.4056927864057608,-0.21841570535813715,51.79282868525896
XEL,0.00032822772562631126,0.013078650845232583,0.08621569439492682,0.20761714572438073,0.39839381554563635,-0.3026755210122498,51.39442231075697
ADBE,0.0005488160921600921,0.021918350694228546,0.1482783320327108,0.34794303051377196,0.397483619718226,-0.40475141703176587,50.99601593625498
HON,0.0002875488568057134,0.011505433220248409,0.07514108591996171,0.18264309016102995,0.39674269555531677,-0.1557443845985902,50.99601593625498
FTV,0.00034177673541056325,0.013695281595119312,0.0899295078447977,0.21740585541411406,0.3961610746840561,-0.22258736434432058,51.992031872509955
MPC,0.000465551149123598,0.01877158413864284,0.12444725843425664,0.2979896600734414,0.39370120946556575,-0.38994959486514524,52.98804780876494
ADI,0.00046835897196161773,0.018943160564963337,0.12524279504117297,0.3007133514027528,0.3924882629379895,-0.21505051785771667,51.19521912350598
INVH,0.0003247740694041157,0.013163662322120524,0.08527105721931805,0.2089666610829716,0.39165609033366733,-0.19753752333168317,50.39840637450199
AMT,0.0003785657602296305,0.0163151246876404,0.10007737563563435,0.25899457519504115,0.36834196818997095,-0.2740840030952659,50.79681274900398
TSN,0.00035806919860336463,0.015548565782254059,0.09441205938023334,0.24682582982143625,0.3655753456326933,-0.2639813521742397,51.39442231075697
DD,0.0003580094980907886,0.015610120102326224,0.0943956004828359,0.24780297435963197,0.36407308569245184,-0.21208164089981907,50.59760956175299
MHK,0.0005340051271459888,0.02328914441802139,0.144002838866357,0.3697037062653161,0.3639922720823799,-0.3406252936341113,48.40637450199203
GNRC,0.0006236170031774514,0.027655030071028024,0.17011554927133132,0.4390099924077185,0.35796789940664414,-0.46519194157223853,52.589641434262944
CSGP,0.000399329028678681,0.01783128565781627,0.10584619380248461,0.28306288444280775,0.35550727685515365,-0.29100584738073176,53.38645418326693
KMX,0.0004990530738241852,0.02250615671623522,0.13397595824648767,0.3572741618340269,0.35200243409182674,-0.2995012175968649,50.199203187250994
NOC,0.0002908572813027569,0.013147972004314067,0.07603757013462298,0.20871758500952686,0.35117326067637844,-0.19967408332468273,51.992031872509955
EXPD,0.00028847931922572773,0.013072381297016876,0.0753931382252826,0.2075176197319118,0.35031622152759384,-0.16477443850579698,50.99601593625498
VICI,0.0002625558630560645,0.012007022720701682,0.06839272515376504,0.19060557663167282,0.34712561226885846,-0.1782619439908928,50.199203187250994
PSA,0.0003079681671542937,0.014332748192359239,0.0806860059501453,0.22752532392655858,0.34109600102330845,-0.2258079001142822,52.191235059760956
FE,0.0002622750450157965,0.012220992186854357,0.06831714162675895,0.1940022366052802,0.3406832441754532,-0.2048013057701631,53.38645418326693
AKAM,0.00041069949807538106,0.019487807561849563,0.1090180968432033,0.3093593544392276,0.33455032805651747,-0.40204177854304346,53.78486055776892
HPE,0.000480866386739803,0.022855034298987238,0.1287933197203872,0.36281242176583006,0.33399719025232955,-0.3951678783120951,49.40239043824701
D,0.0003133699968069217,0.014997630581735243,0.0821576459645228,0.23808000464693052,0.3316920264364687,-0.30793657496236226,53.58565737051792
FDS,0.00026550637995500495,0.012894781431963901,0.0691871930275536,0.20469830927705898,0.3268596012588549,-0.18855724135562046,54.38247011952191
LHX,0.0002719206726351128,0.013286760938923246,0.07091636157137593,0.21092079104374784,0.3248802982624678,-0.2598272316149759,50.59760956175299
AWK,0.00026978236762273785,0.013712591766602692,0.07033960684559237,0.21768064586749553,0.31231603696321825,-0.2371516316120903,50.79681274900398
XOM,0.0002706415435168238,0.013799660112629272,0.0705713110359738,0.21906281301140781,0.31133384999802755,-0.1873113129179158,51.19521912350598
APD,0.0003274012587222241,0.016729815792972454,0.08598956629846533,0.2655775924087558,0.31066294580687065,-0.28750823046099205,53.78486055776892
HPQ,0.00034651064914133846,0.018286710291047795,0.09123006318923599,0.2902925263655883,0.30080238260645914,-0.27659388711052946,52.39043824701195
RMD,0.0004181865685531084,0.0224857030256072,0.1111116343089904,0.3569494695612557,0.2952323067041249,-0.4386581347135673,53.38645418326693
MNST,0.0002626762025190641,0.014325755966288902,0.06842511672969609,0.22741432577880147,0.29107402450621916,-0.2603122522562509,52.191235059760956
STLD,0.0003850765160456287,0.021150652557591125,0.1018830755549267,0.33575620040471016,0.28901709611477105,-0.2730865019888151,50.59760956175299
NEM,0.00038259501770638725,0.02177571709983653,0.10119450627144522,0.34567879239758476,0.278911945373607,-0.40895216156186953,51.39442231075697
TXT,0.00025347195837833444,0.014927777701525266,0.0659504469512171,0.23697112455054742,0.269547328318963,-0.2757289222646926,52.191235059760956
CF,0.00032005642503086173,0.019197319905139027,0.08398201864130383,0.3047480058476877,0.26465872642358795,-0.22316589328395464,50.99601593625498
UNH,0.00026646924799715805,0.01603760775894159,0.06944658601799958,0.25458913052735616,0.2637592985850918,-0.25903222831918327,51.992031872509955
SWK,0.000325782510028427,0.020123111998206794,0.08554679928016018,0.31944449971173133,0.2569998625778457,-0.27541156527184785,47.410358565737056
LULU,0.0003637790731587059,0.022570982139480753,0.09598736068954516,0.35830323352528,0.25585123956054384,-0.5435076179941079,51.39442231075697
AVY,0.00019742209429627396,0.01256892531320036,0.051003537254893816,0.19952550375643663,0.24934340134979416,-0.22350031182245655,52.98804780876494
TXN,0.0002574845554896009,0.01689956194702968,0.06702857839014253,0.2682722290666263,0.24186665988176048,-0.23267338059776443,50.79681274900398
DIS,0.00024550037130186074,0.016219644922515902,0.06381180549044019,0.2574788809124915,0.24027638052806025,-0.2998297003386621,50.99601593625498
LUV,0.0003196724529656052,0.021439578472866722,0.08387717011009665,0.34034275711955586,0.236695085945473,-0.42934954505928546,51.19521912350598
FRT,0.00019212026851336174,0.013217877120224085,0.049600544079566156,0.2098272943219412,0.23073407976697427,-0.1862525425268884,51.79282868525896
NEE,0.0002479108355851915,0.017104659628859393,0.0644580409654314,0.2715280538302099,0.23008131088559192,-0.3676568471289521,51.59362549800797
DOC,0.0002345349824908132,0.016183261440469773,0.06087695893355671,0.25690131104054365,0.23006038913657959,-0.2899666194548024,48.60557768924303
MSCI,0.0002444051218662692,0.017171953778144428,0.06351830279194348,0.27259631533239703,0.22593882325664763,-0.25988849476231446,50.39840637450199
ABNB,0.00033416870673953,0.02349016838717753,0.08784257620053038,0.3728948628450177,0.22582910758242622,-0.3280413422654139,50.79681274900398
CVX,0.000187315511762891,0.01318152055477651,0.04833069893497455,0.2092501517377488,0.22558410864814207,-0.17013556824660891,53.98406374501992
VLO,0.00027158017247747577,0.019194112981380976,0.07082449938432611,0.30469709751126356,0.2246106182937761,-0.3395573471706509,51.992031872509955
CHTR,0.0003211417333594535,0.022868001847772535,0.08427843073165664,0.36301827522103003,0.22293014520359353,-0.4413139480121051,49.20318725099602
ANSS,0.00023050296777299948,0.016665482898736945,0.05979983387311849,0.2645563393731467,0.21956286519699197,-0.22978394153511505,51.59362549800797
FCX,0.0003036100557011754,0.022413235567732347,0.07950016284475603,0.35579908433116425,0.21503634327929821,-0.3649276619571853,48.60557768924303
EG,0.00020839887405479717,0.015595013004643127,0.0539142023180319,0.24756315661862338,0.21213381255560482,-0.185387235624353,53.78486055776892
PCG,0.0001869931126801528,0.014119221279956469,0.04824554715495011,0.22413568927593538,0.2102398977495542,-0.2982500409446539,53.98406374501992
IVZ,0.00025689869771027674,0.019738381879119325,0.06687109851543571,0.3133370984098411,0.20660966145257598,-0.31132255943586307,51.59362549800797
CMCSA,0.0001966919481443462,0.015734941788740894,0.05081021181777756,0.24978445720251743,0.19843657002320356,-0.26713021492847533,49.40239043824701
SYY,0.00014876663743035068,0.012050201971396382,0.03819788199878582,0.19129102598649056,0.19597988164429603,-0.18789448455857705,50.59760956175299
CLX,0.0001701033261316863,0.014076599616273435,0.04379425133279469,0.22345909134052053,0.19182946609168422,-0.3315498570819081,50.199203187250994
MDLZ,0.00014027470355582514,0.01163171631463888,0.03597886829112884,0.18464777213632322,0.19144138533104008,-0.25157948223201343,50.39840637450199
LMT,0.0001416737680166027,0.012186911717955037,0.036344130290581145,0.19346122593364778,0.18454235140859016,-0.30713070224341943,50.39840637450199
BBY,0.00022694523455836065,0.019793456004059407,0.05885031452231182,0.3142113730394368,0.18201186849315262,-0.31215689910356315,47.410358565737056
AOS,0.00016710814570272957,0.014717719380012125,0.04300684056264248,0.23363655207328687,0.18024257053698703,-0.28209665570000286,51.39442231075697
SBUX,0.00022420065011099735,0.019939490873470543,0.05811839452909773,0.3165296047226708,0.17849377431053526,-0.3532195641173278,49.20318725099602
CSX,0.00014503375500471373,0.012965943892263108,0.03722186591195564,0.20582797831287022,0.1775682128385484,-0.22991989255542022,50.99601593625498
CTVA,0.000192980420278754,0.017352051471093158,0.04982803450228124,0.2754552775758299,0.17654795485578742,-0.3043370225973747,49.40239043824701
COP,0.000169892148585864,0.01594040537099063,0.04373871492268444,0.253046090455197,0.16918981584194026,-0.317180413925946,49.60159362549801
ODFL,0.00021315371422679592,0.020587988932004864,0.05517751353695188,0.3268241922542109,0.1643536104676489,-0.2950500448437118,52.98804780876494
IFF,0.0001886886199583734,0.01857596555984225,0.04869344030525369,0.2948843114054599,0.1612480908288487,-0.3465324237095255,50.199203187250994
HST,0.0001580800493161028,0.015730884598232558,0.04063699839293844,0.2497200512998774,0.15952332309839418,-0.27886332522330537,52.98804780876494
HII,0.0002050626161431792,0.021415472279237267,0.05302869301426383,0.3399600831591564,0.15200543189621626,-0.45207227472615685,53.78486055776892
CHRW,0.00017016432316496345,0.018148644297588827,0.043810293151686164,0.2881007966663433,0.14884168990074964,-0.33505935814316135,50.59760956175299
INTC,0.00028608924512782153,0.031114006055915393,0.07474581129400315,0.4939195338894586,0.14596403832116125,-0.6228725128751045,51.19521912350598
VTRS,0.00017056102367779303,0.01856521487871075,0.0439146287716623,0.2947136496332689,0.14584115130157133,-0.31988970847139275,47.808764940239044
WY,0.00012862721221747425,0.014245062829592344,0.03294296226406823,0.22613336194554848,0.14334044830858977,-0.24204657933327833,50.0
KDP,0.00010549580394586025,0.011690012250093163,0.026940034652402467,0.18557319142227066,0.14325852991266885,-0.21221240055675106,50.59760956175299
BALL,0.00015382326092562156,0.01771461632217881,0.0395214683727807,0.2812108161564647,0.13784484637919753,-0.30011927774500147,49.40239043824701
EXR,0.0001529365072804157,0.017730226252141913,0.039289236479148615,0.28145861611245776,0.13692954355771428,-0.3596611960461057,50.199203187250994
SRE,0.00012898841225977996,0.015117086391820809,0.03303697539153316,0.23997630684381951,0.13545120481672962,-0.27917181761915855,51.992031872509955
ZTS,0.00012140891058816699,0.01572929649210854,0.031065968921722975,0.24969484089671906,0.12252974614270494,-0.27000607867475834,50.79681274900398
BMY,0.00011722594864217071,0.015807109305825445,0.02997981783109216,0.2509300810201738,0.11772577818381227,-0.40938194601645983,49.40239043824701
ZBRA,0.0001627824263307864,0.02255298479415785,0.04187068509594116,0.35801753452537743,0.11457866579004236,-0.37830877403126284,52.39043824701195
GPN,0.00012547290443013512,0.018432015989040682,0.03212232128013426,0.2925991828114073,0.1080630903086765,-0.33350366203948656,49.20318725099602
PLD,0.00010743299221124017,0.016005043113755224,0.027441426443104877,0.2540721828111791,0.10655678137481377,-0.2467261161375074,50.79681274900398
OMC,9.035977543175755e-05,0.014944633728801074,0.023030841587861728,0.23723870568813327,0.095982075702,-0.2554527984951922,53.98406374501992
AMCR,7.678105017774585e-05,0.013783108305981267,0.019536469022542136,0.2188000612265711,0.08843153213177543,-0.23858932086212659,49.40239043824701
BDX,6.4652451450724e-05,0.012222416610129813,0.016425327633488918,0.1940248486237715,0.08397077941895294,-0.2088179209011296,50.199203187250994
KEYS,9.42502812874504e-05,0.01862876694132154,0.024034227838492184,0.295722507351109,0.08031539803035026,-0.3086684651018199,50.199203187250994
O,5.7270289414480356e-05,0.011750916063534423,0.014536339430934353,0.18654000948783694,0.077367386074836,-0.2648453231619944,49.60159362549801
PYPL,0.00010274462628980146,0.022853963123388027,0.0262283812635693,0.3627954173803541,0.07136706966142634,-0.3483771085414291,53.38645418326693
POOL,8.334940817927341e-05,0.01898079985827526,0.021225294607059464,0.3013108566605182,0.06970890824834038,-0.29084544541162494,49.800796812749006
CVS,8.587972285264812e-05,0.02116417872525425,0.02187662050845951,0.3359709216596805,0.06441536681793293,-0.43980152530326355,51.992031872509955
NDSN,4.6725032109466484e-05,0.013384993565865786,0.011844024515018647,0.2124801856528831,0.055415558186781864,-0.2757521455358336,49.00398406374502
DHR,4.4996355282172986e-05,0.015034179336092001,0.011403354583053193,0.23866019813547354,0.04751140583848445,-0.2803367753623982,52.589641434262944
F,6.033344243680262e-05,0.022036436320905534,0.015319731056560482,0.3498175817233631,0.04346273111594962,-0.3565894876612731,51.39442231075697
ROK,4.1695805719400744e-05,0.019668355798695563,0.010562517657988657,0.3122254688453018,0.03365306193677319,-0.27136505180821135,50.59760956175299
BAX,3.377337619713708e-05,0.017806675427903523,0.008547066453968188,0.2826722091544643,0.030108693129531624,-0.39339249181906344,48.007968127490045
MTCH,3.578850348633238e-05,0.02490099003078304,0.00905933107345569,0.3952909621245032,0.022815353101129532,-0.41328111028640313,47.808764940239044
EW,2.822458061142182e-05,0.02197612295707855,0.007137847800063879,0.34886013675484334,0.02038809701859567,-0.3752615917938503,48.20717131474104
RVTY,2.1369424834048364e-05,0.018972785932770544,0.00539956289689969,0.30118363953705296,0.017879772840442384,-0.4003025233015639,49.60159362549801
INCY,5.298652013397208e-06,0.017950699717294193,0.0013361486220702101,0.28495852386934734,0.004685805812176054,-0.32220899407683945,50.0
TROW,3.2858201887007706e-06,0.015459804953866061,0.000828368234767618,0.24541679535296393,0.003373960964495962,-0.29497633743439833,50.99601593625498
TER,-9.87400392827738e-06,0.025970521489646566,-0.0024851681184679952,0.4122692476815812,-0.0060354950167122706,-0.4748668030852983,49.800796812749006
ELV,-1.9222258535283944e-05,0.015203050985725454,-0.0048323421912980224,0.24134095246598963,-0.02007122745392407,-0.34476686399574563,51.992031872509955
IQV,-2.54422994512426e-05,0.017397038845848138,-0.0063910309522088316,0.27616943001026595,-0.023215674021106553,-0.299768473940923,50.39840637450199
TMO,-2.122986309991711e-05,0.013580544192204563,-0.005335696623200659,0.21558445560897502,-0.024815914886195483,-0.2692078580843206,50.199203187250994
COO,-2.6904717465870262e-05,0.015274777592126114,-0.006757147125618146,0.24247957704352618,-0.027961071542871703,-0.3011777307288177,47.60956175298805
MRK,-2.3842396097723804e-05,0.013108437900229348,-0.005990341372518082,0.20809000056324342,-0.02887348647394684,-0.3664689108059498,50.79681274900398
CNC,-3.4980471521294205e-05,0.018256288391731948,-0.00877649275664738,0.2898095936855884,-0.03041679438993843,-0.30443977418283485,50.99601593625498
LYB,-4.348599433626033e-05,0.013032456415635022,-0.010898880944773537,0.206883831888351,-0.052969197605792426,-0.28487696278270436,49.800796812749006
PAYC,-9.861595797758084e-05,0.029011747766205298,-0.024546167308513334,0.4605472181322773,-0.053960203062637255,-0.6190855295128597,54.18326693227091
PPG,-5.8244354409649164e-05,0.013164669629029822,-0.014570807978039446,0.2089826515844271,-0.07023347249138517,-0.25376139216727545,53.38645418326693
SBAC,-7.803342846635971e-05,0.017282079548884912,-0.01947309266049213,0.27434450774630886,-0.07167784817367909,-0.2874136314901513,52.191235059760956
IDXX,-8.668380064902514e-05,0.01819387892377911,-0.021608384835770322,0.288818874095634,-0.07563327650228713,-0.29694431686223566,49.40239043824701
TECH,-0.00010673776200805754,0.02193597651928673,-0.026540786332610145,0.3482228318123097,-0.07724340154848991,-0.40861664815102594,47.60956175298805
NUE,-0.00010497440998302698,0.02022148258680961,-0.026108073471792892,0.32100608439432793,-0.08240825517570853,-0.423573945924957,50.99601593625498
EIX,-8.396863713814967e-05,0.015404744893993457,-0.02093866230818675,0.2445427439993925,-0.08652923498260201,-0.4274098548519982,50.99601593625498
PODD,-0.00013707088201170568,0.02420019011540343,-0.03395438928682826,0.38416610835504583,-0.08991387193121755,-0.6130878709011216,50.59760956175299
REGN,-8.471340484535986e-05,0.01493549687990809,-0.021122412225552556,0.2370936627085076,-0.09003942904739928,-0.4475935303482449,51.59362549800797
HSIC,-8.893621682447212e-05,0.015549646356556581,-0.022163619763092668,0.24684298340670188,-0.09079426253263509,-0.27376204525783254,48.007968127490045
CDW,-9.566194280006808e-05,0.01647317643281094,-0.023819687004739465,0.2615035688670472,-0.09218539421874379,-0.35818846486139977,53.38645418326693
WBD,-0.00018937727292101965,0.031759123709226,-0.04660653645744817,0.5041604591516833,-0.09465849990774236,-0.5642857010156634,49.60159362549801
CRL,-0.00013747817376477534,0.02206668202361464,-0.034053550337589944,0.3502977173689432,-0.09890015855351648,-0.4441355755972758,47.410358565737056
SLB,-0.00013123460147309178,0.018874491797305572,-0.03253234851878428,0.2996232685103945,-0.1103756718750027,-0.3890481969612757,51.59362549800797
JBHT,-0.00012071614133967935,0.0166645299786568,-0.02996420284884549,0.26454121223583843,-0.11499330240642945,-0.3101154735972935,48.40637450199203
A,-0.00013733298412348455,0.016640951882046444,-0.0340182029885554,0.2641669215557229,-0.1310077423596655,-0.28109039841455397,50.59760956175299
STZ,-0.00012187118910267734,0.014687690792162453,-0.030246546296917476,0.23315986301925076,-0.13171880981650347,-0.39702942569742283,51.992031872509955
ES,-0.00014154756369720461,0.015194448930161914,-0.03504374549491018,0.2412043990672791,-0.1478828171858762,-0.3379888106661053,49.20318725099602
ARE,-0.00017620451671109476,0.018840560962693657,-0.043435874684516596,0.2990846332094345,-0.14846479317478753,-0.27111151625076546,47.410358565737056
FSLR,-0.0003173425306594743,0.03314938421132821,-0.07686796918215077,0.5262301604286327,-0.151968328195117,-0.5755711453555608,47.211155378486055
MTD,-0.00018552915738067677,0.018767098262421462,-0.04568138494882468,0.2979184489960775,-0.1569333749470014,-0.39813882451126203,51.19521912350598
BG,-0.00017343781608061219,0.016998833562784803,-0.042768600748103625,0.26984811711184,-0.16196640584377306,-0.38821443980421655,50.79681274900398
PARA,-0.000358506808361092,0.03370545801690394,-0.08639769216745763,0.5350575584295366,-0.16884859261154206,-0.5820852410149913,48.007968127490045
WST,-0.0002923852257408142,0.027016002141967962,-0.07104209245223791,0.4288657385210132,-0.17180453057589032,-0.5166974525496657,47.808764940239044
ZBH,-0.0001596494712347262,0.013756503216792408,-0.03943620320185448,0.21837771852895665,-0.18422972371980492,-0.31148365149368107,49.800796812749006
IPG,-0.00018668538296771957,0.016046217282471544,-0.045959454902668284,0.2547258024763583,-0.18468767612276604,-0.319422870833172,49.60159362549801
WYNN,-0.00024224616148245642,0.020122467877369366,-0.059227025158422486,0.31943427461043067,-0.19110670815781536,-0.3555807436271259,49.800796812749006
DAY,-0.0002850028553973268,0.02210165078184222,-0.0693117902839605,0.35085282919650473,-0.2047032646839544,-0.3621027095541842,50.59760956175299
PEP,-0.0001522200737195198,0.010623635362704744,-0.03763586229372162,0.16864498313488935,-0.227456861534016,-0.23303466329820788,50.79681274900398
BA,-0.00028926892028105755,0.019803738966142792,-0.07031207455299149,0.3143746100019193,-0.2318754937314482,-0.4772770078614491,50.199203187250994
DXCM,-0.0004441954241913364,0.029903600475356215,-0.10592187123024988,0.47470494097935256,-0.23580383778033087,-0.5443218128115377,50.99601593625498
LVS,-0.0002873613651223769,0.01928545788718949,-0.06986493356135925,0.3061471529370753,-0.23653678734593034,-0.4069808765749795,49.60159362549801
KHC,-0.00020269141782266456,0.01224491635468375,-0.04980059323036501,0.19438202099568466,-0.262772436615655,-0.2519096287508935,49.60159362549801
LKQ,-0.00027023737074099,0.015886141059025527,-0.06584137454809225,0.2521846712080429,-0.2700394798006961,-0.3652119324533427,48.60557768924303
HAL,-0.0003507034465428983,0.019761225172785113,-0.08459873537105489,0.31369972445483285,-0.28172568108689916,-0.4274007772730085,51.19521912350598
CCI,-0.00028181309703909937,0.015606457839922538,-0.06856317231831277,0.2477448377462959,-0.28665340153960417,-0.3421305920023453,50.59760956175299
EPAM,-0.0004921002784841638,0.02708938051693141,-0.11665531047804611,0.4300305841115932,-0.28837314079462967,-0.458888226304381,50.79681274900398
MGM,-0.0004061236850267703,0.02197406837509113,-0.09729905177592102,0.3488275212769219,-0.29339189824274065,-0.40746563962128846,50.99601593625498
GPC,-0.00033197088571543584,0.017890286054229394,-0.08026578927270389,0.28399948669978786,-0.2945662478915752,-0.32191507944949516,51.992031872509955
BEN,-0.00034137686409453644,0.018305396392319245,-0.08244399211765308,0.29058915902721405,-0.2960432868170648,-0.3429998201312635,48.60557768924303
IEX,-0.00026821689304605453,0.013551819213069019,-0.06536548872600234,0.215128460701726,-0.31418742470025707,-0.26563752015248576,48.40637450199203
HRL,-0.00032021559148294405,0.015469865868343034,-0.07753629831045372,0.24557650741897166,-0.3285914027437137,-0.297497062970834,49.00398406374502
TGT,-0.0004591990654210807,0.021647282855894626,-0.10929744628345961,0.34363996198181546,-0.33674245515204615,-0.3942192420964926,46.613545816733065
OXY,-0.00034549503889068616,0.015460063089171246,-0.08339604630888031,0.24542089312389667,-0.35475687783639404,-0.3368674607219323,49.00398406374502
MCHP,-0.0005283493764480289,0.023417417692720096,-0.124691802165525,0.371739981373568,-0.3581644416426236,-0.47195243557347855,49.800796812749006
DVN,-0.0004212082723331499,0.018463177846450643,-0.1007254042483754,0.293093861961993,-0.3621518510057304,-0.4258123374953605,49.800796812749006
SJM,-0.00034493881566370507,0.014136246003999172,-0.08326751415447531,0.22440594839167435,-0.38735417741929457,-0.3293895373713499,46.613545816733065
CAG,-0.0003343978266621168,0.013647594016304119,-0.08082830409757669,0.21664883856908332,-0.3889624005160897,-0.3239731045540776,47.01195219123506
SWKS,-0.0006007562825107926,0.02334675104440861,-0.14052717840112539,0.3706181831090561,-0.4084812620976353,-0.4565771247105046,50.0
CZR,-0.0007050141434907039,0.02709647732636051,-0.16282840811114996,0.4301432424687016,-0.41303348889081914,-0.5515325247263105,48.80478087649402
ON,-0.0007774874261082309,0.02949664701750987,-0.17799026111537464,0.46824475511151714,-0.4184282455712981,-0.6100471555747164,49.20318725099602
BWA,-0.0005199235999217117,0.019593743111461462,-0.12283031282541479,0.31104102915487175,-0.42123300432829486,-0.3946925677545864,52.788844621513945
CPB,-0.00041358713189911016,0.014368372526370868,-0.09899594067324857,0.228090842697061,-0.45694055932355376,-0.30588679130297913,48.20717131474104
DOW,-0.0004113348835572378,0.014114157768384645,-0.09848420459922036,0.22405530852165692,-0.46263751276575815,-0.36980653557929544,49.40239043824701
GIS,-0.0003602332061204684,0.01224286248245267,-0.08679521327336415,0.19434941678479584,-0.4670905086526597,-0.32360675132313266,49.60159362549801
HSY,-0.00046140940662808784,0.0143526990611496,-0.10979366313598549,0.22784203415011245,-0.5103323928089183,-0.4525173086691622,49.60159362549801
AES,-0.0007928058219700989,0.023841390872251924,-0.18115977955576157,0.37847034694718334,-0.527880370940516,-0.5779930412599261,49.800796812749006
HOLX,-0.00042632913590171325,0.01266420732541963,-0.10188562289905823,0.2010380588089367,-0.5344010128417335,-0.30763086539631446,50.199203187250994
APA,-0.0007868553717776297,0.023241706457729463,-0.1799300245484211,0.36895065199149657,-0.5374365179127879,-0.5698646186246232,51.59362549800797
UPS,-0.0005843755776676454,0.016828043296997035,-0.13696988318298686,0.2671369056940896,-0.5512628260390336,-0.38663510922087563,49.20318725099602
NKE,-0.0006892948985212157,0.019333618985483,-0.15950326271208604,0.3069116866707895,-0.565968394073143,-0.44840598813856647,48.80478087649402
TFX,-0.0007345740507647604,0.020505957742155932,-0.16904586948397848,0.3255219874856649,-0.5686640777249232,-0.5176117211223412,48.60557768924303
ALGN,-0.0009711856282040998,0.02693274977422831,-0.21718407396094574,0.42754414815443464,-0.5724292552333806,-0.5834263436613083,47.410358565737056
ADM,-0.0006686104254548075,0.01846241131819879,-0.1551077540668122,0.2930816937032292,-0.5748903150028272,-0.4565614848490974,51.59362549800797
MKTX,-0.0007948823072950731,0.02133726854640406,-0.18158848575109754,0.3387186373871148,-0.5913767927963991,-0.5039178460297404,47.808764940239044
ULTA,-0.0007650417339820367,0.02048039063041934,-0.17540613688467177,0.32511612216928154,-0.5929897160347251,-0.4455551936218167,48.007968127490045
CE,-0.0009449528444455569,0.02526317928988211,-0.21198700461026854,0.4010405383671925,-0.5937756760695608,-0.7220753382150262,50.39840637450199
LW,-0.0009509897095360852,0.025014765149398446,-0.21318602527887243,0.39709708613996264,-0.6035033123326057,-0.564316576589551,51.39442231075697
PFE,-0.0005560160999076072,0.014493992120285966,-0.13077652642756044,0.23008499192883866,-0.6089752139072702,-0.36444980076316713,46.613545816733065
APTV,-0.000890720152363194,0.022151464244487867,-0.20113355827479895,0.35164359340112505,-0.6383209664777778,-0.5388495521207824,50.59760956175299
MOS,-0.0009135503691061414,0.02199111590569538,-0.20572053883777408,0.34909814243560156,-0.6594555084383343,-0.49061081710068666,48.80478087649402
WBA,-0.0013775666474660864,0.03276109753367979,-0.2934675334925697,0.5200663005098894,-0.6675048831679733,-0.7476304086113943,43.22709163346614
HUM,-0.000996255339608995,0.022561007181861794,-0.22211881643166587,0.35814488598209093,-0.7009910106437227,-0.5576714223330612,51.39442231075697
ENPH,-0.0017909395496518744,0.039233169772307536,-0.3634685110743905,0.622807262173814,-0.7246491714579882,-0.7679817436925163,47.808764940239044
ALB,-0.0016469449426390521,0.032915829155693015,-0.339905496531659,0.5225225888607172,-0.794281691151291,-0.7067288534019469,46.613545816733065
DLTR,-0.0012366430355167219,0.023641283816851398,-0.26789175040401403,0.37529374592210807,-0.8303736695225754,-0.6190564981666278,47.211155378486055
FMC,-0.00155642065164742,0.029370437244558213,-0.3246495579290337,0.46624123707798104,-0.8412340501523454,-0.7046899755720992,48.60557768924303
DG,-0.001530201539426875,0.02615048718699601,-0.32016565471414393,0.41512611455983484,-0.9289003375382494,-0.6808729113618557,49.800796812749006
MRNA,-0.0022129775313925503,0.03716602807073422,-0.4278123636071358,0.5899924049712507,-0.9452161302620447,-0.8183182261156354,45.41832669322709
BIIB,-0.0011035510071869096,0.015321970609949522,-0.24289127728711346,0.24322874297620245,-1.1433470008859525,-0.5804879780545162,47.60956175298805
EL,-0.002067932718076635,0.028196505900331674,-0.4064647115578579,0.44760565471945796,-1.1642369560365127,-0.7498754180496738,44.820717131474105
